patient_id,status,splits,note,train_images,valid_images,test_images,train_originals,valid_originals,test_originals
ADH,possible_overlap,train+valid,,"dataset\old_dataset\classification\train\left\1531.png
dataset\old_dataset\classification\train\left\1532.png
dataset\old_dataset\classification\train\left\1533.png
dataset\old_dataset\classification\train\right\1528.png
dataset\old_dataset\classification\train\right\1530.png",dataset\old_dataset\classification\valid\right\1529.png,,"Y:\251105\251105_ADH_L_1_HD_1\png\251105_ADH_L_1_HD_1_M0.png
Y:\251105\251105_ADH_L_HD_1\png\251105_ADH_L_HD_1_M0.png
Y:\251105\251105_ADH_R_1_HD_1\png\251105_ADH_R_1_HD_1_M0.png
Y:\251105\251105_ADH_R_2_HD_1\png\251105_ADH_R_2_HD_1_M0.png
Y:\251105\251105_ADH_R_HD_1\png\251105_ADH_R_HD_1_M0.png",Y:\251105\251105_ADH_L_2_HD_1\png\251105_ADH_L_2_HD_1_M0.png,
AGA,possible_overlap,train+valid,,"dataset\old_dataset\classification\train\left\1392.png
dataset\old_dataset\classification\train\left\1394.png
dataset\old_dataset\classification\train\right\1389.png
dataset\old_dataset\classification\train\right\1390.png","dataset\old_dataset\classification\valid\left\1393.png
dataset\old_dataset\classification\valid\right\1391.png",,"Y:\251015\251015_AGA_L_1_HD_1\png\251015_AGA_L_1_HD_1_M0.png
Y:\251015\251015_AGA_L_2_HD_1\png\251015_AGA_L_2_HD_1_M0.png
Y:\251015\251015_AGA_R_1_HD_1\png\251015_AGA_R_1_HD_1_M0.png
Y:\251015\251015_AGA_R_HD_1\png\251015_AGA_R_HD_1_M0.png","Y:\251015\251015_AGA_L_HD_1\png\251015_AGA_L_HD_1_M0.png
Y:\251015\251015_AGA_R_2_HD_1\png\251015_AGA_R_2_HD_1_M0.png",
ALA,possible_overlap,train+valid+test,,"dataset\old_dataset\classification\train\left\1498.png
dataset\old_dataset\classification\train\left\1499.png
dataset\old_dataset\classification\train\right\1494.png
dataset\old_dataset\classification\train\right\1497.png","dataset\old_dataset\classification\valid\right\1495.png
dataset\old_dataset\classification\valid\right\1496.png",dataset\old_dataset\classification\test\left\1500.png,"Y:\251031\251031_ALA_L_1_HD_1\png\251031_ALA_L_1_HD_1_M0.png
Y:\251031\251031_ALA_L_HD_1\png\251031_ALA_L_HD_1_M0.png
Y:\251031\251031_ALA_R_1_HD_1\png\251031_ALA_R_1_HD_1_M0.png
Y:\251031\251031_ALA_R_2_HD_1\png\251031_ALA_R_2_HD_1_M0.png","Y:\251031\251031_ALA_L_2_HD_1\png\251031_ALA_L_2_HD_1_M0.png
Y:\251031\251031_ALA_L_3_HD_1\png\251031_ALA_L_3_HD_1_M0.png",Y:\251031\251031_ALA_R_HD_1\png\251031_ALA_R_HD_1_M0.png
ALSC0044,possible_overlap,train+valid+test,,"dataset\old_dataset\classification\train\left\0405.png
dataset\old_dataset\classification\train\left\0406.png
dataset\old_dataset\classification\train\left\0407.png
dataset\old_dataset\classification\train\left\0856.png
dataset\old_dataset\classification\train\left\0857.png
dataset\old_dataset\classification\train\left\0858.png
dataset\old_dataset\classification\train\right\0402.png
dataset\old_dataset\classification\train\right\0403.png
dataset\old_dataset\classification\train\right\0404.png
dataset\old_dataset\classification\train\right\0854.png",dataset\old_dataset\classification\valid\right\0855.png,dataset\old_dataset\classification\test\right\0853.png,"Y:\250612\250612_ALSC0044_L_3_HD_1\png\250612_ALSC0044_L_3_HD_1_M0.png
Y:\250612\250612_ALSC0044_L_3_HD_2\png\250612_ALSC0044_L_3_HD_2_M0.png
Y:\250612\250612_ALSC0044_L_4_HD_1\png\250612_ALSC0044_L_4_HD_1_M0.png
Y:\250612\250612_ALSC0044_L_4_HD_2\png\250612_ALSC0044_L_4_HD_2_M0.png
Y:\250612\250612_ALSC0044_L_5_HD_1\png\250612_ALSC0044_L_5_HD_1_M0.png
Y:\250612\250612_ALSC0044_R_3_HD_1\png\250612_ALSC0044_R_3_HD_1_M0.png
Y:\250612\250612_ALSC0044_R_3_HD_2\png\250612_ALSC0044_R_3_HD_2_M0.png
Y:\250612\250612_ALSC0044_R_4_HD_1\png\250612_ALSC0044_R_4_HD_1_M0.png
Y:\250612\250612_ALSC0044_R_4_HD_2\png\250612_ALSC0044_R_4_HD_2_M0.png
Y:\250612\250612_ALSC0044_R_5_HD_1\png\250612_ALSC0044_R_5_HD_1_M0.png
Y:\250612\250612_ALSC0044_R_5_HD_2\png\250612_ALSC0044_R_5_HD_2_M0.png",Y:\250612\250612_ALSC0044_L_5_HD_2\png\250612_ALSC0044_L_5_HD_2_M0.png,"Y:\250612\250612_ALSC0044_L_3_HD_1\png\250612_ALSC0044_L_3_HD_1_M0.png
Y:\250612\250612_ALSC0044_L_3_HD_2\png\250612_ALSC0044_L_3_HD_2_M0.png"
ARJ,possible_overlap,train+valid+test,,"dataset\old_dataset\classification\train\left\1180.png
dataset\old_dataset\classification\train\left\1182.png
dataset\old_dataset\classification\train\right\1176.png
dataset\old_dataset\classification\train\right\1177.png
dataset\old_dataset\classification\train\right\1178.png",dataset\old_dataset\classification\valid\right\1179.png,dataset\old_dataset\classification\test\left\1181.png,"Y:\250923\250923_ARJ_L_1_HD_1\png\250923_ARJ_L_1_HD_1_M0.png
Y:\250923\250923_ARJ_L_2_HD_1\png\250923_ARJ_L_2_HD_1_M0.png
Y:\250923\250923_ARJ_L_3_HD_1\png\250923_ARJ_L_3_HD_1_M0.png
Y:\250923\250923_ARJ_R_1_HD_1\png\250923_ARJ_R_1_HD_1_M0.png
Y:\250923\250923_ARJ_R_HD_1\png\250923_ARJ_R_HD_1_M0.png",Y:\250923\250923_ARJ_L_HD_1\png\250923_ARJ_L_HD_1_M0.png,Y:\250923\250923_ARJ_R_2_HD_1\png\250923_ARJ_R_2_HD_1_M0.png
ARM,possible_overlap,train+valid+test,,"dataset\old_dataset\classification\train\left\1539.png
dataset\old_dataset\classification\train\right\1534.png
dataset\old_dataset\classification\train\right\1535.png
dataset\old_dataset\classification\train\right\1536.png
dataset\old_dataset\classification\train\right\1537.png
dataset\old_dataset\classification\train\right\1538.png",dataset\old_dataset\classification\valid\left\1541.png,"dataset\old_dataset\classification\test\left\1540.png
dataset\old_dataset\classification\test\left\1542.png","Y:\251110\251110_ARM_L_1_HD_1\png\251110_ARM_L_1_HD_1_M0.png
Y:\251110\251110_ARM_L_2_HD_1\png\251110_ARM_L_2_HD_1_M0.png
Y:\251110\251110_ARM_L_3_HD_1\png\251110_ARM_L_3_HD_1_M0.png
Y:\251110\251110_ARM_L_4_HD_1\png\251110_ARM_L_4_HD_1_M0.png
Y:\251110\251110_ARM_L_HD_1\png\251110_ARM_L_HD_1_M0.png
Y:\251110\251110_ARM_R_1_HD_1\png\251110_ARM_R_1_HD_1_M0.png",Y:\251110\251110_ARM_R_3_HD_1\png\251110_ARM_R_3_HD_1_M0.png,"Y:\251110\251110_ARM_R_2_HD_1\png\251110_ARM_R_2_HD_1_M0.png
Y:\251110\251110_ARM_R_HD_1\png\251110_ARM_R_HD_1_M0.png"
ATM0044,possible_overlap,train+valid+test,,"dataset\old_dataset\classification\train\left\0148.png
dataset\old_dataset\classification\train\left\0149.png
dataset\old_dataset\classification\train\left\0150.png
dataset\old_dataset\classification\train\left\0214.png
dataset\old_dataset\classification\train\left\0215.png
dataset\old_dataset\classification\train\left\0216.png
dataset\old_dataset\classification\train\left\0217.png
dataset\old_dataset\classification\train\left\0218.png
dataset\old_dataset\classification\train\left\0314.png
dataset\old_dataset\classification\train\left\0315.png
dataset\old_dataset\classification\train\left\0316.png
dataset\old_dataset\classification\train\left\0394.png
dataset\old_dataset\classification\train\left\0395.png
dataset\old_dataset\classification\train\left\0397.png
dataset\old_dataset\classification\train\left\0411.png
dataset\old_dataset\classification\train\left\0412.png
dataset\old_dataset\classification\train\left\0581.png
dataset\old_dataset\classification\train\left\0583.png
dataset\old_dataset\classification\train\left\0845.png
dataset\old_dataset\classification\train\left\0848.png
dataset\old_dataset\classification\train\left\1501.png
dataset\old_dataset\classification\train\left\1502.png
dataset\old_dataset\classification\train\left\1504.png
dataset\old_dataset\classification\train\right\0146.png
dataset\old_dataset\classification\train\right\0147.png
dataset\old_dataset\classification\train\right\0372.png
dataset\old_dataset\classification\train\right\0373.png
dataset\old_dataset\classification\train\right\0392.png
dataset\old_dataset\classification\train\right\0393.png
dataset\old_dataset\classification\train\right\0408.png
dataset\old_dataset\classification\train\right\0578.png
dataset\old_dataset\classification\train\right\0579.png
dataset\old_dataset\classification\train\right\0580.png
dataset\old_dataset\classification\train\right\0843.png
dataset\old_dataset\classification\train\right\0844.png","dataset\old_dataset\classification\valid\left\0582.png
dataset\old_dataset\classification\valid\left\0846.png
dataset\old_dataset\classification\valid\left\0847.png
dataset\old_dataset\classification\valid\right\0145.png
dataset\old_dataset\classification\valid\right\0410.png","dataset\old_dataset\classification\test\left\0396.png
dataset\old_dataset\classification\test\left\1503.png
dataset\old_dataset\classification\test\right\0409.png","Y:\250512\250512_ATM0044_L_2_HD_1\png\250512_ATM0044_L_2_HD_1_M0.png
Y:\250512\250512_ATM0044_L_HD_1\png\250512_ATM0044_L_HD_1_M0.png
Y:\250512\250512_ATM0044_R_1_HD_1\png\250512_ATM0044_R_1_HD_1_M0.png
Y:\250512\250512_ATM0044_R_2_HD_1\png\250512_ATM0044_R_2_HD_1_M0.png
Y:\250512\250512_ATM0044_R_HD_1\png\250512_ATM0044_R_HD_1_M0.png
Y:\250519\250519_ATM0044_R_1_HD_2\png\250519_ATM0044_R_1_HD_2_M0.png
Y:\250519\250519_ATM0044_R_2_HD_2\png\250519_ATM0044_R_2_HD_2_M0.png
Y:\250519\250519_ATM0044_R_3_HD_2\png\250519_ATM0044_R_3_HD_2_M0.png
Y:\250519\250519_ATM0044_R_4_HD_2\png\250519_ATM0044_R_4_HD_2_M0.png
Y:\250519\250519_ATM0044_R_HD_2\png\250519_ATM0044_R_HD_2_M0.png
Y:\250527\after_5mW\250527_ATM0044_R_1_HD_2\png\250527_ATM0044_R_1_HD_2_M0.png
Y:\250527\after_5mW\250527_ATM0044_R_2_HD_2\png\250527_ATM0044_R_2_HD_2_M0.png
Y:\250527\after_5mW\250527_ATM0044_R_HD_2\png\250527_ATM0044_R_HD_2_M0.png
Y:\250606\250606_ATM0044_L_1_HD_4\png\250606_ATM0044_L_1_HD_4_M0.png
Y:\250606\250606_ATM0044_L_HD_4\png\250606_ATM0044_L_HD_4_M0.png
Y:\250611\250611_ATM_0044_L_1_HD_1\png\250611_ATM_0044_L_1_HD_1_M0.png
Y:\250611\250611_ATM_0044_L_1_HD_2\png\250611_ATM_0044_L_1_HD_2_M0.png
Y:\250611\250611_ATM_0044_L_HD_2\png\250611_ATM_0044_L_HD_2_M0.png
Y:\250611\250611_ATM_0044_L_HD_3\png\250611_ATM_0044_L_HD_3_M0.png
Y:\250611\250611_ATM_0044_R_1_HD_1\png\250611_ATM_0044_R_1_HD_1_M0.png
Y:\250611\250611_ATM_0044_R_1_HD_2\png\250611_ATM_0044_R_1_HD_2_M0.png
Y:\250611\250611_ATM_0044_R_2_HD_1\png\250611_ATM_0044_R_2_HD_1_M0.png
Y:\250611\250611_ATM_0044_R_2_HD_2\png\250611_ATM_0044_R_2_HD_2_M0.png
Y:\250611\250611_ATM_0044_R_HD_1\png\250611_ATM_0044_R_HD_1_M0.png
Y:\250611\250611_ATM_0044_R_HD_2\png\250611_ATM_0044_R_HD_2_M0.png
Y:\250612\250612_ATM0044_L_1_HD_1\png\250612_ATM0044_L_1_HD_1_M0.png
Y:\250612\250612_ATM0044_R_1_HD_1\png\250612_ATM0044_R_1_HD_1_M0.png
Y:\250612\250612_ATM0044_R_2_HD_1\png\250612_ATM0044_R_2_HD_1_M0.png
Y:\250806\250806_ATM_0044_L_1_HD_1\png\250806_ATM_0044_L_1_HD_1_M0.png
Y:\250806\250806_ATM_0044_L_2_HD_1\png\250806_ATM_0044_L_2_HD_1_M0.png
Y:\250806\250806_ATM_0044_L_HD_1\png\250806_ATM_0044_L_HD_1_M0.png
Y:\250806\250806_ATM_0044_R_1_HD_1\png\250806_ATM_0044_R_1_HD_1_M0.png
Y:\250806\250806_ATM_0044_R_HD_1\png\250806_ATM_0044_R_HD_1_M0.png
Y:\251031\251031_ATM0044_R_1_HD_1\png\251031_ATM0044_R_1_HD_1_M0.png
Y:\251031\251031_ATM0044_R_2_HD_1\png\251031_ATM0044_R_2_HD_1_M0.png
Y:\251031\251031_ATM0044_R_HD_1\png\251031_ATM0044_R_HD_1_M0.png","Y:\250512\250512_ATM0044_L_1_HD_1\png\250512_ATM0044_L_1_HD_1_M0.png
Y:\250611\250611_ATM_0044_R_2_HD_1\png\250611_ATM_0044_R_2_HD_1_M0.png
Y:\250611\250611_ATM_0044_R_2_HD_2\png\250611_ATM_0044_R_2_HD_2_M0.png
Y:\250611\250611_ATM_0044_R_3_HD_2\png\250611_ATM_0044_R_3_HD_2_M0.png
Y:\250612\250612_ATM0044_L_HD_1\png\250612_ATM0044_L_HD_1_M0.png
Y:\250806\250806_ATM_0044_R_2_HD_1\png\250806_ATM_0044_R_2_HD_1_M0.png","Y:\250611\250611_ATM_0044_R_3_HD_1\png\250611_ATM_0044_R_3_HD_1_M0.png
Y:\250612\250612_ATM0044_L_2_HD_1\png\250612_ATM0044_L_2_HD_1_M0.png
Y:\251031\251031_ATM0044_R_3_HD_1\png\251031_ATM0044_R_3_HD_1_M0.png"
AUZ0752,possible_overlap,train+valid+test,,"dataset\old_dataset\classification\train\left\0006.png
dataset\old_dataset\classification\train\left\0007.png
dataset\old_dataset\classification\train\left\0008.png
dataset\old_dataset\classification\train\left\0081.png
dataset\old_dataset\classification\train\left\0082.png
dataset\old_dataset\classification\train\left\0083.png
dataset\old_dataset\classification\train\left\0202.png
dataset\old_dataset\classification\train\left\0223.png
dataset\old_dataset\classification\train\left\0224.png
dataset\old_dataset\classification\train\left\0238.png
dataset\old_dataset\classification\train\left\0240.png
dataset\old_dataset\classification\train\left\0250.png
dataset\old_dataset\classification\train\left\0251.png
dataset\old_dataset\classification\train\left\0262.png
dataset\old_dataset\classification\train\left\0263.png
dataset\old_dataset\classification\train\left\0264.png
dataset\old_dataset\classification\train\left\0275.png
dataset\old_dataset\classification\train\left\0276.png
dataset\old_dataset\classification\train\left\0300.png
dataset\old_dataset\classification\train\left\0301.png
dataset\old_dataset\classification\train\left\0320.png
dataset\old_dataset\classification\train\left\0322.png
dataset\old_dataset\classification\train\left\0339.png
dataset\old_dataset\classification\train\left\0340.png
dataset\old_dataset\classification\train\right\0003.png
dataset\old_dataset\classification\train\right\0004.png
dataset\old_dataset\classification\train\right\0005.png
dataset\old_dataset\classification\train\right\0079.png
dataset\old_dataset\classification\train\right\0080.png
dataset\old_dataset\classification\train\right\0198.png
dataset\old_dataset\classification\train\right\0199.png
dataset\old_dataset\classification\train\right\0200.png
dataset\old_dataset\classification\train\right\0201.png
dataset\old_dataset\classification\train\right\0220.png
dataset\old_dataset\classification\train\right\0221.png
dataset\old_dataset\classification\train\right\0236.png
dataset\old_dataset\classification\train\right\0237.png
dataset\old_dataset\classification\train\right\0248.png
dataset\old_dataset\classification\train\right\0259.png
dataset\old_dataset\classification\train\right\0260.png
dataset\old_dataset\classification\train\right\0261.png
dataset\old_dataset\classification\train\right\0273.png
dataset\old_dataset\classification\train\right\0297.png
dataset\old_dataset\classification\train\right\0298.png
dataset\old_dataset\classification\train\right\0317.png
dataset\old_dataset\classification\train\right\0318.png
dataset\old_dataset\classification\train\right\0319.png
dataset\old_dataset\classification\train\right\0335.png
dataset\old_dataset\classification\train\right\0337.png
dataset\old_dataset\classification\train\right\0432.png
dataset\old_dataset\classification\train\right\0433.png
dataset\old_dataset\classification\train\right\0434.png
dataset\old_dataset\classification\train\right\0435.png
dataset\old_dataset\classification\train\right\0436.png
dataset\old_dataset\classification\train\right\0438.png
dataset\old_dataset\classification\train\right\0439.png
dataset\old_dataset\classification\train\right\0440.png
dataset\old_dataset\classification\train\right\0441.png
dataset\old_dataset\classification\train\right\0443.png
dataset\old_dataset\classification\train\right\0444.png
dataset\old_dataset\classification\train\right\0445.png
dataset\old_dataset\classification\train\right\0447.png
dataset\old_dataset\classification\train\right\0448.png
dataset\old_dataset\classification\train\right\0450.png
dataset\old_dataset\classification\train\right\0451.png
dataset\old_dataset\classification\train\right\0452.png
dataset\old_dataset\classification\train\right\0453.png
dataset\old_dataset\classification\train\right\0454.png
dataset\old_dataset\classification\train\right\0457.png
dataset\old_dataset\classification\train\right\0458.png
dataset\old_dataset\classification\train\right\0459.png
dataset\old_dataset\classification\train\right\0460.png
dataset\old_dataset\classification\train\right\0461.png
dataset\old_dataset\classification\train\right\0639.png
dataset\old_dataset\classification\train\right\0640.png
dataset\old_dataset\classification\train\right\1348.png
dataset\old_dataset\classification\train\right\1451.png","dataset\old_dataset\classification\valid\left\0203.png
dataset\old_dataset\classification\valid\left\0299.png
dataset\old_dataset\classification\valid\left\0338.png
dataset\old_dataset\classification\valid\left\1347.png
dataset\old_dataset\classification\valid\right\0222.png
dataset\old_dataset\classification\valid\right\0235.png
dataset\old_dataset\classification\valid\right\0247.png
dataset\old_dataset\classification\valid\right\0271.png
dataset\old_dataset\classification\valid\right\0272.png
dataset\old_dataset\classification\valid\right\0437.png
dataset\old_dataset\classification\valid\right\0449.png
dataset\old_dataset\classification\valid\right\0455.png
dataset\old_dataset\classification\valid\right\0456.png
dataset\old_dataset\classification\valid\right\0638.png","dataset\old_dataset\classification\test\left\0204.png
dataset\old_dataset\classification\test\left\0225.png
dataset\old_dataset\classification\test\left\0239.png
dataset\old_dataset\classification\test\left\0252.png
dataset\old_dataset\classification\test\left\0274.png
dataset\old_dataset\classification\test\left\0321.png
dataset\old_dataset\classification\test\right\0078.png
dataset\old_dataset\classification\test\right\0219.png
dataset\old_dataset\classification\test\right\0249.png
dataset\old_dataset\classification\test\right\0296.png
dataset\old_dataset\classification\test\right\0336.png
dataset\old_dataset\classification\test\right\0442.png
dataset\old_dataset\classification\test\right\0446.png","Y:\250428\250428_AUZ0752_L_1_HD_1\png\250428_AUZ0752_L_1_HD_1_M0.png
Y:\250428\250428_AUZ0752_L_2_HD_1\png\250428_AUZ0752_L_2_HD_1_M0.png
Y:\250428\250428_AUZ0752_L_HD_1\png\250428_AUZ0752_L_HD_1_M0.png
Y:\250428\250428_AUZ0752_R_1_HD_1\png\250428_AUZ0752_R_1_HD_1_M0.png
Y:\250428\250428_AUZ0752_R_2_HD_1\png\250428_AUZ0752_R_2_HD_1_M0.png
Y:\250428\250428_AUZ0752_R_HD_1\png\250428_AUZ0752_R_HD_1_M0.png
Y:\250507\250507_AUZ0752_L_2_HD_1\png\250507_AUZ0752_L_2_HD_1_M0.png
Y:\250507\250507_AUZ0752_L_HD_2\png\250507_AUZ0752_L_HD_2_M0.png
Y:\250507\250507_AUZ0752_R_1_HD_2\png\250507_AUZ0752_R_1_HD_2_M0.png
Y:\250507\250507_AUZ0752_R_2_HD_2\png\250507_AUZ0752_R_2_HD_2_M0.png
Y:\250507\250507_AUZ0752_R_HD_2\png\250507_AUZ0752_R_HD_2_M0.png
Y:\250515\250515_AUZ0752_L_1_HD_1\png\250515_AUZ0752_L_1_HD_1_M0.png
Y:\250515\250515_AUZ0752_L_2_HD_1\png\250515_AUZ0752_L_2_HD_1_M0.png
Y:\250515\250515_AUZ0752_L_3_HD_1\png\250515_AUZ0752_L_3_HD_1_M0.png
Y:\250515\250515_AUZ0752_L_HD_1\png\250515_AUZ0752_L_HD_1_M0.png
Y:\250515\250515_AUZ0752_R_1_HD_1\png\250515_AUZ0752_R_1_HD_1_M0.png
Y:\250519\250519_AUZ0752_L_2_HD_2\png\250519_AUZ0752_L_2_HD_2_M0.png
Y:\250519\250519_AUZ0752_L_3_HD_2\png\250519_AUZ0752_L_3_HD_2_M0.png
Y:\250519\250519_AUZ0752_R_1_HD_2\png\250519_AUZ0752_R_1_HD_2_M0.png
Y:\250519\250519_AUZ0752_R_2_HD_2\png\250519_AUZ0752_R_2_HD_2_M0.png
Y:\250520\250520_AUZ0752_L_2_HD_1\png\250520_AUZ0752_L_2_HD_1_M0.png
Y:\250520\250520_AUZ0752_L_HD_1\png\250520_AUZ0752_L_HD_1_M0.png
Y:\250520\250520_AUZ0752_R_1_HD_1\png\250520_AUZ0752_R_1_HD_1_M0.png
Y:\250520\250520_AUZ0752_R_HD_1\png\250520_AUZ0752_R_HD_1_M0.png
Y:\250521\250521_AUZ0752_L_2_HD_1\png\250521_AUZ0752_L_2_HD_1_M0.png
Y:\250521\250521_AUZ0752_R_1_HD_1\png\250521_AUZ0752_R_1_HD_1_M0.png
Y:\250521\250521_AUZ0752_R_2_HD_1\png\250521_AUZ0752_R_2_HD_1_M0.png
Y:\250522\250522_AUZ0752_L_1_HD_1\png\250522_AUZ0752_L_1_HD_1_M0.png
Y:\250522\250522_AUZ0752_L_2_HD_1\png\250522_AUZ0752_L_2_HD_1_M0.png
Y:\250522\250522_AUZ0752_L_HD_1\png\250522_AUZ0752_L_HD_1_M0.png
Y:\250522\250522_AUZ0752_R_1_HD_1\png\250522_AUZ0752_R_1_HD_1_M0.png
Y:\250522\250522_AUZ0752_R_2_HD_1\png\250522_AUZ0752_R_2_HD_1_M0.png
Y:\250522\250522_AUZ0752_R_HD_1\png\250522_AUZ0752_R_HD_1_M0.png
Y:\250523\250523_AUZ0752_L_HD_1\png\250523_AUZ0752_L_HD_1_M0.png
Y:\250523\250523_AUZ0752_R_2_HD_1\png\250523_AUZ0752_R_2_HD_1_M0.png
Y:\250523\250523_AUZ0752_R_HD_1\png\250523_AUZ0752_R_HD_1_M0.png
Y:\250526\250526_AUZ0752_L_2_HD_1\png\250526_AUZ0752_L_2_HD_1_M0.png
Y:\250526\250526_AUZ0752_L_HD_1\png\250526_AUZ0752_L_HD_1_M0.png
Y:\250526\250526_AUZ0752_R_2_HD_1\png\250526_AUZ0752_R_2_HD_1_M0.png
Y:\250526\250526_AUZ0752_R_HD_1\png\250526_AUZ0752_R_HD_1_M0.png
Y:\250527\after_5mW\250527_AUZ0752_L_1_HD_1\png\250527_AUZ0752_L_1_HD_1_M0.png
Y:\250527\after_5mW\250527_AUZ0752_L_2_HD_1\png\250527_AUZ0752_L_2_HD_1_M0.png
Y:\250527\after_5mW\250527_AUZ0752_L_HD_2\png\250527_AUZ0752_L_HD_2_M0.png
Y:\250527\after_5mW\250527_AUZ0752_R_1_HD_1\png\250527_AUZ0752_R_1_HD_1_M0.png
Y:\250527\after_5mW\250527_AUZ0752_R_HD_1\png\250527_AUZ0752_R_HD_1_M0.png
Y:\250527\before_2_5mW\250527_AUZ0752_L_1_HD_1\png\250527_AUZ0752_L_1_HD_1_M0.png
Y:\250527\before_2_5mW\250527_AUZ0752_L_HD_1\png\250527_AUZ0752_L_HD_1_M0.png
Y:\250527\before_2_5mW\250527_AUZ0752_R_2_HD_1\png\250527_AUZ0752_R_2_HD_1_M0.png
Y:\250527\before_2_5mW\250527_AUZ0752_R_HD_1\png\250527_AUZ0752_R_HD_1_M0.png
Y:\250619\valsalva1\250619_AUZ0752_L_1_HD_1\png\250619_AUZ0752_L_1_HD_1_M0.png
Y:\250619\valsalva1\250619_AUZ0752_L_2_HD_1\png\250619_AUZ0752_L_2_HD_1_M0.png
Y:\250619\valsalva1\250619_AUZ0752_L_3_HD_1\png\250619_AUZ0752_L_3_HD_1_M0.png
Y:\250619\valsalva1\250619_AUZ0752_L_4_HD_1\png\250619_AUZ0752_L_4_HD_1_M0.png
Y:\250619\valsalva1\250619_AUZ0752_L_5_HD_1\png\250619_AUZ0752_L_5_HD_1_M0.png
Y:\250619\valsalva1\250619_AUZ0752_L_7_HD_1\png\250619_AUZ0752_L_7_HD_1_M0.png
Y:\250619\valsalva1\250619_AUZ0752_L_8_HD_1\png\250619_AUZ0752_L_8_HD_1_M0.png
Y:\250619\valsalva1\250619_AUZ0752_L_9_HD_1\png\250619_AUZ0752_L_9_HD_1_M0.png
Y:\250619\valsalva1\250619_AUZ0752_L_HD_1\png\250619_AUZ0752_L_HD_1_M0.png
Y:\250619\valsalva2\250619_AUZ0752_L_2_HD_1\png\250619_AUZ0752_L_2_HD_1_M0.png
Y:\250619\valsalva2\250619_AUZ0752_L_3_HD_1\png\250619_AUZ0752_L_3_HD_1_M0.png
Y:\250619\valsalva2\250619_AUZ0752_L_4_HD_1\png\250619_AUZ0752_L_4_HD_1_M0.png
Y:\250619\valsalva2\250619_AUZ0752_L_6_HD_1\png\250619_AUZ0752_L_6_HD_1_M0.png
Y:\250619\valsalva2\250619_AUZ0752_L_7_HD_1\png\250619_AUZ0752_L_7_HD_1_M0.png
Y:\250619\valsalva2\250619_AUZ0752_L_9_HD_1\png\250619_AUZ0752_L_9_HD_1_M0.png
Y:\250619\valsalva2\250619_AUZ0752_L_HD_1\png\250619_AUZ0752_L_HD_1_M0.png
Y:\250619\valsalva3\250619_AUZ0752_L_1_HD_1\png\250619_AUZ0752_L_1_HD_1_M0.png
Y:\250619\valsalva3\250619_AUZ0752_L_2_HD_1\png\250619_AUZ0752_L_2_HD_1_M0.png
Y:\250619\valsalva3\250619_AUZ0752_L_3_HD_1\png\250619_AUZ0752_L_3_HD_1_M0.png
Y:\250619\valsalva3\250619_AUZ0752_L_6_HD_1\png\250619_AUZ0752_L_6_HD_1_M0.png
Y:\250619\valsalva3\250619_AUZ0752_L_7_HD_1\png\250619_AUZ0752_L_7_HD_1_M0.png
Y:\250619\valsalva3\250619_AUZ0752_L_8_HD_1\png\250619_AUZ0752_L_8_HD_1_M0.png
Y:\250619\valsalva3\250619_AUZ0752_L_9_HD_1\png\250619_AUZ0752_L_9_HD_1_M0.png
Y:\250619\valsalva3\250619_AUZ0752_L_HD_1\png\250619_AUZ0752_L_HD_1_M0.png
Y:\250902\250902_AUZ0752_L_2_HD_1\png\250902_AUZ0752_L_2_HD_1_M0.png
Y:\250902\250902_AUZ0752_L_HD_1\png\250902_AUZ0752_L_HD_1_M0.png
Y:\251009\251009_AUZ0752_L_HD_1\png\251009_AUZ0752_L_HD_1_M0.png
Y:\251021_7s\251021_AUZ0752_L_HD_1\png\251021_AUZ0752_L_HD_1_M0.png","Y:\250515\250515_AUZ0752_R_2_HD_1\png\250515_AUZ0752_R_2_HD_1_M0.png
Y:\250519\250519_AUZ0752_L_HD_2\png\250519_AUZ0752_L_HD_2_M0.png
Y:\250520\250520_AUZ0752_L_1_HD_1\png\250520_AUZ0752_L_1_HD_1_M0.png
Y:\250521\250521_AUZ0752_L_1_HD_1\png\250521_AUZ0752_L_1_HD_1_M0.png
Y:\250523\250523_AUZ0752_L_1_HD_1\png\250523_AUZ0752_L_1_HD_1_M0.png
Y:\250523\250523_AUZ0752_L_2_HD_1\png\250523_AUZ0752_L_2_HD_1_M0.png
Y:\250526\250526_AUZ0752_R_1_HD_1\png\250526_AUZ0752_R_1_HD_1_M0.png
Y:\250527\before_2_5mW\250527_AUZ0752_R_1_HD_1\png\250527_AUZ0752_R_1_HD_1_M0.png
Y:\250619\valsalva1\250619_AUZ0752_L_6_HD_1\png\250619_AUZ0752_L_6_HD_1_M0.png
Y:\250619\valsalva2\250619_AUZ0752_L_8_HD_1\png\250619_AUZ0752_L_8_HD_1_M0.png
Y:\250619\valsalva3\250619_AUZ0752_L_4_HD_1\png\250619_AUZ0752_L_4_HD_1_M0.png
Y:\250619\valsalva3\250619_AUZ0752_L_5_HD_1\png\250619_AUZ0752_L_5_HD_1_M0.png
Y:\250902\250902_AUZ0752_L_1_HD_1\png\250902_AUZ0752_L_1_HD_1_M0.png
Y:\251009\251009_AUZ0752_L_1_HD_1\png\251009_AUZ0752_L_1_HD_1_M0.png","Y:\250507\250507_AUZ0752_L_1_HD_1\png\250507_AUZ0752_L_1_HD_1_M0.png
Y:\250515\250515_AUZ0752_R_HD_1\png\250515_AUZ0752_R_HD_1_M0.png
Y:\250519\250519_AUZ0752_L_1_HD_2\png\250519_AUZ0752_L_1_HD_2_M0.png
Y:\250519\250519_AUZ0752_R_HD_2\png\250519_AUZ0752_R_HD_2_M0.png
Y:\250520\250520_AUZ0752_R_2_HD_1\png\250520_AUZ0752_R_2_HD_1_M0.png
Y:\250521\250521_AUZ0752_L_HD_1\png\250521_AUZ0752_L_HD_1_M0.png
Y:\250521\250521_AUZ0752_R_HD_1\png\250521_AUZ0752_R_HD_1_M0.png
Y:\250523\250523_AUZ0752_R_1_HD_1\png\250523_AUZ0752_R_1_HD_1_M0.png
Y:\250526\250526_AUZ0752_L_1_HD_1\png\250526_AUZ0752_L_1_HD_1_M0.png
Y:\250527\after_5mW\250527_AUZ0752_R_2_HD_1\png\250527_AUZ0752_R_2_HD_1_M0.png
Y:\250527\before_2_5mW\250527_AUZ0752_L_2_HD_1\png\250527_AUZ0752_L_2_HD_1_M0.png
Y:\250619\valsalva2\250619_AUZ0752_L_1_HD_1\png\250619_AUZ0752_L_1_HD_1_M0.png
Y:\250619\valsalva2\250619_AUZ0752_L_5_HD_1\png\250619_AUZ0752_L_5_HD_1_M0.png"
BAB,possible_overlap,train+valid+test,,"dataset\old_dataset\classification\train\left\0645.png
dataset\old_dataset\classification\train\left\0646.png
dataset\old_dataset\classification\train\left\0647.png
dataset\old_dataset\classification\train\left\0648.png
dataset\old_dataset\classification\train\left\0940.png
dataset\old_dataset\classification\train\left\0943.png
dataset\old_dataset\classification\train\right\0641.png
dataset\old_dataset\classification\train\right\0642.png
dataset\old_dataset\classification\train\right\0643.png
dataset\old_dataset\classification\train\right\0936.png
dataset\old_dataset\classification\train\right\0937.png
dataset\old_dataset\classification\train\right\0939.png","dataset\old_dataset\classification\valid\left\0941.png
dataset\old_dataset\classification\valid\right\0644.png
dataset\old_dataset\classification\valid\right\0938.png",dataset\old_dataset\classification\test\left\0942.png,"Y:\250904\250904_BAB_L_1_HD_1\png\250904_BAB_L_1_HD_1_M0.png
Y:\250904\250904_BAB_L_1_HD_2\png\250904_BAB_L_1_HD_2_M0.png
Y:\250904\250904_BAB_L_2_HD_1\png\250904_BAB_L_2_HD_1_M0.png
Y:\250904\250904_BAB_L_2_HD_2\png\250904_BAB_L_2_HD_2_M0.png
Y:\250904\250904_BAB_L_3_HD_1\png\250904_BAB_L_3_HD_1_M0.png
Y:\250904\250904_BAB_L_HD_2\png\250904_BAB_L_HD_2_M0.png
Y:\250904\250904_BAB_R_1_HD_1\png\250904_BAB_R_1_HD_1_M0.png
Y:\250904\250904_BAB_R_1_HD_2\png\250904_BAB_R_1_HD_2_M0.png
Y:\250904\250904_BAB_R_2_HD_1\png\250904_BAB_R_2_HD_1_M0.png
Y:\250904\250904_BAB_R_3_HD_1\png\250904_BAB_R_3_HD_1_M0.png
Y:\250904\250904_BAB_R_HD_1\png\250904_BAB_R_HD_1_M0.png
Y:\250904\250904_BAB_R_HD_2\png\250904_BAB_R_HD_2_M0.png","Y:\250904\250904_BAB_L_3_HD_2\png\250904_BAB_L_3_HD_2_M0.png
Y:\250904\250904_BAB_L_HD_1\png\250904_BAB_L_HD_1_M0.png
Y:\250904\250904_BAB_R_2_HD_2\png\250904_BAB_R_2_HD_2_M0.png",Y:\250904\250904_BAB_R_3_HD_2\png\250904_BAB_R_3_HD_2_M0.png
BAE,possible_overlap,train+valid+test,,"dataset\old_dataset\classification\train\left\1003.png
dataset\old_dataset\classification\train\left\1005.png
dataset\old_dataset\classification\train\right\0999.png
dataset\old_dataset\classification\train\right\1000.png
dataset\old_dataset\classification\train\right\1001.png",dataset\old_dataset\classification\valid\left\1004.png,dataset\old_dataset\classification\test\right\1002.png,"Y:\250911\250911_BAE_L_1_HD_2\png\250911_BAE_L_1_HD_2_M0.png
Y:\250911\250911_BAE_L_2_HD_2\png\250911_BAE_L_2_HD_2_M0.png
Y:\250911\250911_BAE_L_3_HD_2\png\250911_BAE_L_3_HD_2_M0.png
Y:\250911\250911_BAE_R_1_HD_2\png\250911_BAE_R_1_HD_2_M0.png
Y:\250911\250911_BAE_R_HD_2\png\250911_BAE_R_HD_2_M0.png",Y:\250911\250911_BAE_R_2_HD_2\png\250911_BAE_R_2_HD_2_M0.png,Y:\250911\250911_BAE_L_HD_2\png\250911_BAE_L_HD_2_M0.png
BAL,possible_overlap,train+valid+test,,"dataset\old_dataset\classification\train\left\1294.png
dataset\old_dataset\classification\train\left\1296.png
dataset\old_dataset\classification\train\right\1290.png
dataset\old_dataset\classification\train\right\1291.png
dataset\old_dataset\classification\train\right\1292.png",dataset\old_dataset\classification\valid\left\1293.png,dataset\old_dataset\classification\test\left\1295.png,"Y:\251008\251008_BAL_L_1_HD_2\png\251008_BAL_L_1_HD_2_M0.png
Y:\251008\251008_BAL_L_2_HD_2\png\251008_BAL_L_2_HD_2_M0.png
Y:\251008\251008_BAL_L_HD_2\png\251008_BAL_L_HD_2_M0.png
Y:\251008\251008_BAL_R_2_HD_2\png\251008_BAL_R_2_HD_2_M0.png
Y:\251008\251008_BAL_R_HD_2\png\251008_BAL_R_HD_2_M0.png",Y:\251008\251008_BAL_R_1_HD_2\png\251008_BAL_R_1_HD_2_M0.png,Y:\251008\251008_BAL_R_3_HD_2\png\251008_BAL_R_3_HD_2_M0.png
BAM,possible_overlap,train+valid,,"dataset\old_dataset\classification\train\left\0681.png
dataset\old_dataset\classification\train\left\0683.png
dataset\old_dataset\classification\train\left\0976.png
dataset\old_dataset\classification\train\left\0977.png
dataset\old_dataset\classification\train\left\0978.png
dataset\old_dataset\classification\train\left\1359.png
dataset\old_dataset\classification\train\left\1360.png
dataset\old_dataset\classification\train\left\1361.png
dataset\old_dataset\classification\train\right\0678.png
dataset\old_dataset\classification\train\right\0679.png
dataset\old_dataset\classification\train\right\0680.png
dataset\old_dataset\classification\train\right\0973.png
dataset\old_dataset\classification\train\right\0974.png
dataset\old_dataset\classification\train\right\0975.png
dataset\old_dataset\classification\train\right\1355.png
dataset\old_dataset\classification\train\right\1356.png
dataset\old_dataset\classification\train\right\1357.png
dataset\old_dataset\classification\train\right\1358.png",dataset\old_dataset\classification\valid\left\0682.png,,"Y:\250909\250909_BAM_L_1_HD_1\png\250909_BAM_L_1_HD_1_M0.png
Y:\250909\250909_BAM_L_1_HD_2\png\250909_BAM_L_1_HD_2_M0.png
Y:\250909\250909_BAM_L_2_HD_1\png\250909_BAM_L_2_HD_1_M0.png
Y:\250909\250909_BAM_L_2_HD_2\png\250909_BAM_L_2_HD_2_M0.png
Y:\250909\250909_BAM_L_HD_1\png\250909_BAM_L_HD_1_M0.png
Y:\250909\250909_BAM_L_HD_2\png\250909_BAM_L_HD_2_M0.png
Y:\250909\250909_BAM_R_1_HD_1\png\250909_BAM_R_1_HD_1_M0.png
Y:\250909\250909_BAM_R_1_HD_2\png\250909_BAM_R_1_HD_2_M0.png
Y:\250909\250909_BAM_R_2_HD_1\png\250909_BAM_R_2_HD_1_M0.png
Y:\250909\250909_BAM_R_2_HD_2\png\250909_BAM_R_2_HD_2_M0.png
Y:\250909\250909_BAM_R_HD_1\png\250909_BAM_R_HD_1_M0.png
Y:\250909\250909_BAM_R_HD_2\png\250909_BAM_R_HD_2_M0.png
Y:\251010\251010_BAM_L_1_HD_1\png\251010_BAM_L_1_HD_1_M0.png
Y:\251010\251010_BAM_L_2_HD_1\png\251010_BAM_L_2_HD_1_M0.png
Y:\251010\251010_BAM_L_3_HD_1\png\251010_BAM_L_3_HD_1_M0.png
Y:\251010\251010_BAM_L_HD_1\png\251010_BAM_L_HD_1_M0.png
Y:\251010\251010_BAM_R_1_HD_1\png\251010_BAM_R_1_HD_1_M0.png
Y:\251010\251010_BAM_R_2_HD_1\png\251010_BAM_R_2_HD_1_M0.png
Y:\251010\251010_BAM_R_HD_1\png\251010_BAM_R_HD_1_M0.png","Y:\250909\250909_BAM_R_2_HD_1\png\250909_BAM_R_2_HD_1_M0.png
Y:\250909\250909_BAM_R_2_HD_2\png\250909_BAM_R_2_HD_2_M0.png",
BEE,possible_overlap,train+test,,"dataset\old_dataset\classification\train\left\1089.png
dataset\old_dataset\classification\train\left\1090.png
dataset\old_dataset\classification\train\left\1091.png
dataset\old_dataset\classification\train\left\1092.png
dataset\old_dataset\classification\train\left\1093.png
dataset\old_dataset\classification\train\left\1251.png
dataset\old_dataset\classification\train\left\1252.png
dataset\old_dataset\classification\train\left\1253.png
dataset\old_dataset\classification\train\left\1254.png
dataset\old_dataset\classification\train\right\1248.png
dataset\old_dataset\classification\train\right\1249.png
dataset\old_dataset\classification\train\right\1250.png",,dataset\old_dataset\classification\test\right\1247.png,"Y:\250915\250915_BEE_R_1_HD_2\png\250915_BEE_R_1_HD_2_M0.png
Y:\250915\250915_BEE_R_2_HD_2\png\250915_BEE_R_2_HD_2_M0.png
Y:\250915\250915_BEE_R_3_HD_2\png\250915_BEE_R_3_HD_2_M0.png
Y:\250915\250915_BEE_R_4_HD_2\png\250915_BEE_R_4_HD_2_M0.png
Y:\250915\250915_BEE_R_HD_2\png\250915_BEE_R_HD_2_M0.png
Y:\251006\251006_BEE_L_2_HD_2\png\251006_BEE_L_2_HD_2_M0.png
Y:\251006\251006_BEE_L_3_HD_2\png\251006_BEE_L_3_HD_2_M0.png
Y:\251006\251006_BEE_L_HD_2\png\251006_BEE_L_HD_2_M0.png
Y:\251006\251006_BEE_R_1_HD_2\png\251006_BEE_R_1_HD_2_M0.png
Y:\251006\251006_BEE_R_2_HD_2\png\251006_BEE_R_2_HD_2_M0.png
Y:\251006\251006_BEE_R_3_HD_2\png\251006_BEE_R_3_HD_2_M0.png
Y:\251006\251006_BEE_R_HD_2\png\251006_BEE_R_HD_2_M0.png",,Y:\251006\251006_BEE_L_1_HD_2\png\251006_BEE_L_1_HD_2_M0.png
BEL,possible_overlap,train+test,,"dataset\old_dataset\classification\train\left\1431.png
dataset\old_dataset\classification\train\right\1426.png
dataset\old_dataset\classification\train\right\1428.png
dataset\old_dataset\classification\train\right\1429.png",,"dataset\old_dataset\classification\test\left\1430.png
dataset\old_dataset\classification\test\left\1432.png
dataset\old_dataset\classification\test\right\1427.png","Y:\251020\251020_BEL_L_1_HD_1\png\251020_BEL_L_1_HD_1_M0.png
Y:\251020\251020_BEL_L_3_HD_1\png\251020_BEL_L_3_HD_1_M0.png
Y:\251020\251020_BEL_L_HD_1\png\251020_BEL_L_HD_1_M0.png
Y:\251020\251020_BEL_R_2_HD_1\png\251020_BEL_R_2_HD_1_M0.png",,"Y:\251020\251020_BEL_L_2_HD_1\png\251020_BEL_L_2_HD_1_M0.png
Y:\251020\251020_BEL_R_1_HD_1\png\251020_BEL_R_1_HD_1_M0.png
Y:\251020\251020_BEL_R_HD_1\png\251020_BEL_R_HD_1_M0.png"
BEM0552,possible_overlap,train+valid+test,,"dataset\old_dataset\classification\train\left\0012.png
dataset\old_dataset\classification\train\left\0013.png
dataset\old_dataset\classification\train\left\0014.png
dataset\old_dataset\classification\train\left\0120.png
dataset\old_dataset\classification\train\left\0121.png
dataset\old_dataset\classification\train\left\0208.png
dataset\old_dataset\classification\train\left\0209.png
dataset\old_dataset\classification\train\right\0009.png
dataset\old_dataset\classification\train\right\0010.png
dataset\old_dataset\classification\train\right\0011.png
dataset\old_dataset\classification\train\right\0116.png
dataset\old_dataset\classification\train\right\0118.png
dataset\old_dataset\classification\train\right\0205.png
dataset\old_dataset\classification\train\right\0207.png","dataset\old_dataset\classification\valid\left\0210.png
dataset\old_dataset\classification\valid\right\0117.png","dataset\old_dataset\classification\test\left\0119.png
dataset\old_dataset\classification\test\right\0206.png","Y:\250428\250428_BEM0552_L_1_HD_1\png\250428_BEM0552_L_1_HD_1_M0.png
Y:\250428\250428_BEM0552_L_2_HD_2\png\250428_BEM0552_L_2_HD_2_M0.png
Y:\250428\250428_BEM0552_L_HD_1\png\250428_BEM0552_L_HD_1_M0.png
Y:\250428\250428_BEM0552_R_1_HD_1\png\250428_BEM0552_R_1_HD_1_M0.png
Y:\250428\250428_BEM0552_R_2_HD_1\png\250428_BEM0552_R_2_HD_1_M0.png
Y:\250428\250428_BEM0552_R_HD_1\png\250428_BEM0552_R_HD_1_M0.png
Y:\250509\250509_BEM0552_L_1_HD_1\png\250509_BEM0552_L_1_HD_1_M0.png
Y:\250509\250509_BEM0552_L_HD_1\png\250509_BEM0552_L_HD_1_M0.png
Y:\250509\250509_BEM0552_R_2_HD_1\png\250509_BEM0552_R_2_HD_1_M0.png
Y:\250509\250509_BEM0552_R_HD_1\png\250509_BEM0552_R_HD_1_M0.png
Y:\250515\250515_BEM0552_L_1_HD_1\png\250515_BEM0552_L_1_HD_1_M0.png
Y:\250515\250515_BEM0552_L_HD_1\png\250515_BEM0552_L_HD_1_M0.png
Y:\250515\250515_BEM0552_R_1_HD_1\png\250515_BEM0552_R_1_HD_1_M0.png
Y:\250515\250515_BEM0552_R_2_HD_1\png\250515_BEM0552_R_2_HD_1_M0.png","Y:\250509\250509_BEM0552_L_2_HD_1\png\250509_BEM0552_L_2_HD_1_M0.png
Y:\250515\250515_BEM0552_R_HD_1\png\250515_BEM0552_R_HD_1_M0.png","Y:\250509\250509_BEM0552_R_1_HD_1\png\250509_BEM0552_R_1_HD_1_M0.png
Y:\250515\250515_BEM0552_L_2_HD_1\png\250515_BEM0552_L_2_HD_1_M0.png"
BG,possible_overlap,train+valid,,"dataset\old_dataset\classification\train\left\1395.png
dataset\old_dataset\classification\train\left\1397.png",dataset\old_dataset\classification\valid\left\1396.png,,"Y:\251017\251017_BG_R_R_1_HD_1\png\251017_BG_R_R_1_HD_1_M0.png
Y:\251017\251017_BG_R_R_HD_1\png\251017_BG_R_R_HD_1_M0.png",Y:\251017\251017_BG_R_R_2_HD_1\png\251017_BG_R_R_2_HD_1_M0.png,
BID,possible_overlap,train+valid+test,,"dataset\old_dataset\classification\train\left\1301.png
dataset\old_dataset\classification\train\left\1302.png
dataset\old_dataset\classification\train\left\1303.png
dataset\old_dataset\classification\train\right\1297.png
dataset\old_dataset\classification\train\right\1299.png","dataset\old_dataset\classification\valid\left\1300.png
dataset\old_dataset\classification\valid\left\1304.png",dataset\old_dataset\classification\test\right\1298.png,"Y:\251008\251008_BID_L_1_HD_2\png\251008_BID_L_1_HD_2_M0.png
Y:\251008\251008_BID_L_HD_2\png\251008_BID_L_HD_2_M0.png
Y:\251008\251008_BID_R_2_HD_2\png\251008_BID_R_2_HD_2_M0.png
Y:\251008\251008_BID_R_3_HD_2\png\251008_BID_R_3_HD_2_M0.png
Y:\251008\251008_BID_R_4_HD_2\png\251008_BID_R_4_HD_2_M0.png","Y:\251008\251008_BID_R_1_HD_2\png\251008_BID_R_1_HD_2_M0.png
Y:\251008\251008_BID_R_HD_2\png\251008_BID_R_HD_2_M0.png",Y:\251008\251008_BID_L_2_HD_2\png\251008_BID_L_2_HD_2_M0.png
BOF,possible_overlap,train+test,,"dataset\old_dataset\classification\train\left\1211.png
dataset\old_dataset\classification\train\right\1208.png
dataset\old_dataset\classification\train\right\1209.png",,"dataset\old_dataset\classification\test\left\1212.png
dataset\old_dataset\classification\test\left\1213.png
dataset\old_dataset\classification\test\right\1210.png","Y:\250929\250929_BOF_L_1_HD_2\png\250929_BOF_L_1_HD_2_M0.png
Y:\250929\250929_BOF_L_2_HD_2\png\250929_BOF_L_2_HD_2_M0.png
Y:\250929\250929_BOF_R_1_HD_2\png\250929_BOF_R_1_HD_2_M0.png",,"Y:\250929\250929_BOF_L_HD_2\png\250929_BOF_L_HD_2_M0.png
Y:\250929\250929_BOF_R_2_HD_2\png\250929_BOF_R_2_HD_2_M0.png
Y:\250929\250929_BOF_R_HD_2\png\250929_BOF_R_HD_2_M0.png"
BOM01753,possible_overlap,train+test,,"dataset\old_dataset\classification\train\left\1507.png
dataset\old_dataset\classification\train\left\1508.png
dataset\old_dataset\classification\train\left\1509.png
dataset\old_dataset\classification\train\right\1505.png
dataset\old_dataset\classification\train\right\1506.png",,dataset\old_dataset\classification\test\right\1510.png,"Y:\251031\251031_BOM01753_L_1_HD_1\png\251031_BOM01753_L_1_HD_1_M0.png
Y:\251031\251031_BOM01753_L_2_HD_1\png\251031_BOM01753_L_2_HD_1_M0.png
Y:\251031\251031_BOM01753_L_3_HD_1\png\251031_BOM01753_L_3_HD_1_M0.png
Y:\251031\251031_BOM01753_L_4_HD_1\png\251031_BOM01753_L_4_HD_1_M0.png
Y:\251031\251031_BOM01753_L_5_HD_1\png\251031_BOM01753_L_5_HD_1_M0.png",,Y:\251031\251031_BOM01753_L_HD_1\png\251031_BOM01753_L_HD_1_M0.png
BOM0753,possible_overlap,train+valid+test,,"dataset\old_dataset\classification\train\left\0019.png
dataset\old_dataset\classification\train\left\0020.png
dataset\old_dataset\classification\train\left\0154.png
dataset\old_dataset\classification\train\left\0155.png
dataset\old_dataset\classification\train\left\0156.png
dataset\old_dataset\classification\train\left\0256.png
dataset\old_dataset\classification\train\left\0258.png
dataset\old_dataset\classification\train\left\0307.png
dataset\old_dataset\classification\train\left\0350.png
dataset\old_dataset\classification\train\left\0351.png
dataset\old_dataset\classification\train\left\0377.png
dataset\old_dataset\classification\train\left\0379.png
dataset\old_dataset\classification\train\left\0587.png
dataset\old_dataset\classification\train\left\0588.png
dataset\old_dataset\classification\train\left\0589.png
dataset\old_dataset\classification\train\left\0809.png
dataset\old_dataset\classification\train\left\0810.png
dataset\old_dataset\classification\train\left\0811.png
dataset\old_dataset\classification\train\left\0921.png
dataset\old_dataset\classification\train\left\0922.png
dataset\old_dataset\classification\train\left\0923.png
dataset\old_dataset\classification\train\left\1199.png
dataset\old_dataset\classification\train\left\1200.png
dataset\old_dataset\classification\train\right\0015.png
dataset\old_dataset\classification\train\right\0016.png
dataset\old_dataset\classification\train\right\0017.png
dataset\old_dataset\classification\train\right\0018.png
dataset\old_dataset\classification\train\right\0152.png
dataset\old_dataset\classification\train\right\0153.png
dataset\old_dataset\classification\train\right\0255.png
dataset\old_dataset\classification\train\right\0302.png
dataset\old_dataset\classification\train\right\0303.png
dataset\old_dataset\classification\train\right\0304.png
dataset\old_dataset\classification\train\right\0348.png
dataset\old_dataset\classification\train\right\0349.png
dataset\old_dataset\classification\train\right\0374.png
dataset\old_dataset\classification\train\right\0375.png
dataset\old_dataset\classification\train\right\0376.png
dataset\old_dataset\classification\train\right\0469.png
dataset\old_dataset\classification\train\right\0471.png
dataset\old_dataset\classification\train\right\0472.png
dataset\old_dataset\classification\train\right\0473.png
dataset\old_dataset\classification\train\right\0474.png
dataset\old_dataset\classification\train\right\0475.png
dataset\old_dataset\classification\train\right\0477.png
dataset\old_dataset\classification\train\right\0478.png
dataset\old_dataset\classification\train\right\0480.png
dataset\old_dataset\classification\train\right\0584.png
dataset\old_dataset\classification\train\right\0585.png
dataset\old_dataset\classification\train\right\0586.png
dataset\old_dataset\classification\train\right\0807.png
dataset\old_dataset\classification\train\right\0808.png
dataset\old_dataset\classification\train\right\0871.png
dataset\old_dataset\classification\train\right\0872.png
dataset\old_dataset\classification\train\right\0874.png
dataset\old_dataset\classification\train\right\0875.png
dataset\old_dataset\classification\train\right\0876.png
dataset\old_dataset\classification\train\right\0877.png
dataset\old_dataset\classification\train\right\0878.png
dataset\old_dataset\classification\train\right\0881.png
dataset\old_dataset\classification\train\right\0882.png
dataset\old_dataset\classification\train\right\0919.png
dataset\old_dataset\classification\train\right\1196.png","dataset\old_dataset\classification\valid\left\0257.png
dataset\old_dataset\classification\valid\left\0305.png
dataset\old_dataset\classification\valid\left\0378.png
dataset\old_dataset\classification\valid\right\0254.png
dataset\old_dataset\classification\valid\right\0470.png
dataset\old_dataset\classification\valid\right\0476.png
dataset\old_dataset\classification\valid\right\0873.png
dataset\old_dataset\classification\valid\right\0879.png
dataset\old_dataset\classification\valid\right\0920.png
dataset\old_dataset\classification\valid\right\1198.png
dataset\old_dataset\classification\valid\right\1452.png","dataset\old_dataset\classification\test\left\0021.png
dataset\old_dataset\classification\test\left\0306.png
dataset\old_dataset\classification\test\left\1468.png
dataset\old_dataset\classification\test\right\0151.png
dataset\old_dataset\classification\test\right\0253.png
dataset\old_dataset\classification\test\right\0479.png
dataset\old_dataset\classification\test\right\0806.png
dataset\old_dataset\classification\test\right\0880.png
dataset\old_dataset\classification\test\right\0918.png
dataset\old_dataset\classification\test\right\1197.png","Y:\250428\250428_BOM0753_L_1_HD_1\png\250428_BOM0753_L_1_HD_1_M0.png
Y:\250428\250428_BOM0753_L_2_HD_1\png\250428_BOM0753_L_2_HD_1_M0.png
Y:\250428\250428_BOM0753_L_3_HD_1\png\250428_BOM0753_L_3_HD_1_M0.png
Y:\250428\250428_BOM0753_L_HD_1\png\250428_BOM0753_L_HD_1_M0.png
Y:\250428\250428_BOM0753_R_1_HD_1\png\250428_BOM0753_R_1_HD_1_M0.png
Y:\250428\250428_BOM0753_R_2_HD_1\png\250428_BOM0753_R_2_HD_1_M0.png
Y:\250512\250512_BOM0753_L_2_HD_1\png\250512_BOM0753_L_2_HD_1_M0.png
Y:\250512\250512_BOM0753_L_HD_1\png\250512_BOM0753_L_HD_1_M0.png
Y:\250512\250512_BOM0753_R_1_HD_1\png\250512_BOM0753_R_1_HD_1_M0.png
Y:\250512\250512_BOM0753_R_2_HD_1\png\250512_BOM0753_R_2_HD_1_M0.png
Y:\250512\250512_BOM0753_R_HD_1\png\250512_BOM0753_R_HD_1_M0.png
Y:\250521\250521_BOM0753_L_HD_1\png\250521_BOM0753_L_HD_1_M0.png
Y:\250521\250521_BOM0753_R_1_HD_1\png\250521_BOM0753_R_1_HD_1_M0.png
Y:\250521\250521_BOM0753_R_HD_1\png\250521_BOM0753_R_HD_1_M0.png
Y:\250526\250526_BOM0753_L_1_HD_1\png\250526_BOM0753_L_1_HD_1_M0.png
Y:\250526\250526_BOM0753_L_2_HD_1\png\250526_BOM0753_L_2_HD_1_M0.png
Y:\250526\250526_BOM0753_L_HD_1\png\250526_BOM0753_L_HD_1_M0.png
Y:\250526\250526_BOM0753_R_HD_1\png\250526_BOM0753_R_HD_1_M0.png
Y:\250528\250528_BOM0753_L_1_HD_1\png\250528_BOM0753_L_1_HD_1_M0.png
Y:\250528\250528_BOM0753_L_HD_1\png\250528_BOM0753_L_HD_1_M0.png
Y:\250528\250528_BOM0753_R_1_HD_1\png\250528_BOM0753_R_1_HD_1_M0.png
Y:\250528\250528_BOM0753_R_HD_1\png\250528_BOM0753_R_HD_1_M0.png
Y:\250604\250604_BOM0753_L_2_HD_1\png\250604_BOM0753_L_2_HD_1_M0.png
Y:\250604\250604_BOM0753_L_HD_1\png\250604_BOM0753_L_HD_1_M0.png
Y:\250604\250604_BOM0753_R_1_HD_1\png\250604_BOM0753_R_1_HD_1_M0.png
Y:\250604\250604_BOM0753_R_2_HD_1\png\250604_BOM0753_R_2_HD_1_M0.png
Y:\250604\250604_BOM0753_R_HD_1\png\250604_BOM0753_R_HD_1_M0.png
Y:\250606\250606_BOM0753_L_1_HD_4\png\250606_BOM0753_L_1_HD_4_M0.png
Y:\250606\250606_BOM0753_L_2_HD_4\png\250606_BOM0753_L_2_HD_4_M0.png
Y:\250606\250606_BOM0753_L_HD_4\png\250606_BOM0753_L_HD_4_M0.png
Y:\250606\250606_BOM0753_R_1_HD_4\png\250606_BOM0753_R_1_HD_4_M0.png
Y:\250606\250606_BOM0753_R_HD_4\png\250606_BOM0753_R_HD_4_M0.png
Y:\250624\250624_BOM0753_L_0_BL2_HD_1\png\250624_BOM0753_L_0_BL2_HD_1_M0.png
Y:\250624\250624_BOM0753_L_0_BL2_HD_2\png\250624_BOM0753_L_0_BL2_HD_2_M0.png
Y:\250624\250624_BOM0753_L_0_BL_HD_1\png\250624_BOM0753_L_0_BL_HD_1_M0.png
Y:\250624\250624_BOM0753_L_0_BL_HD_2\png\250624_BOM0753_L_0_BL_HD_2_M0.png
Y:\250624\250624_BOM0753_L_1_BL2_HD_1\png\250624_BOM0753_L_1_BL2_HD_1_M0.png
Y:\250624\250624_BOM0753_L_1_BL2_HD_2\png\250624_BOM0753_L_1_BL2_HD_2_M0.png
Y:\250624\250624_BOM0753_L_1_BL_HD_1\png\250624_BOM0753_L_1_BL_HD_1_M0.png
Y:\250624\250624_BOM0753_L_1_BL_HD_2\png\250624_BOM0753_L_1_BL_HD_2_M0.png
Y:\250624\250624_BOM0753_L_2_BL2_HD_1\png\250624_BOM0753_L_2_BL2_HD_1_M0.png
Y:\250624\250624_BOM0753_L_2_BL2_HD_2\png\250624_BOM0753_L_2_BL2_HD_2_M0.png
Y:\250624\250624_BOM0753_L_2_BL_HD_1\png\250624_BOM0753_L_2_BL_HD_1_M0.png
Y:\250624\250624_BOM0753_L_2_BL_HD_2\png\250624_BOM0753_L_2_BL_HD_2_M0.png
Y:\250624\250624_BOM0753_L_3_BL_HD_1\png\250624_BOM0753_L_3_BL_HD_1_M0.png
Y:\250624\250624_BOM0753_L_3_BL_HD_2\png\250624_BOM0753_L_3_BL_HD_2_M0.png
Y:\250624\250624_BOM0753_L_4_HD_1\png\250624_BOM0753_L_4_HD_1_M0.png
Y:\250624\250624_BOM0753_L_4_HD_2\png\250624_BOM0753_L_4_HD_2_M0.png
Y:\250624\250624_BOM0753_L_5_HD_1\png\250624_BOM0753_L_5_HD_1_M0.png
Y:\250624\250624_BOM0753_L_5_HD_2\png\250624_BOM0753_L_5_HD_2_M0.png
Y:\250624\250624_BOM0753_L_6_HD_1\png\250624_BOM0753_L_6_HD_1_M0.png
Y:\250624\250624_BOM0753_L_6_HD_2\png\250624_BOM0753_L_6_HD_2_M0.png
Y:\250624\250624_BOM0753_L_7_HD_1\png\250624_BOM0753_L_7_HD_1_M0.png
Y:\250624\250624_BOM0753_L_7_HD_2\png\250624_BOM0753_L_7_HD_2_M0.png
Y:\250624\250624_BOM0753_L_8_HD_1\png\250624_BOM0753_L_8_HD_1_M0.png
Y:\250624\250624_BOM0753_L_8_HD_2\png\250624_BOM0753_L_8_HD_2_M0.png
Y:\250806\250806_BOM0753_L_1_HD_1\png\250806_BOM0753_L_1_HD_1_M0.png
Y:\250806\250806_BOM0753_L_2_HD_1\png\250806_BOM0753_L_2_HD_1_M0.png
Y:\250806\250806_BOM0753_L_HD_1\png\250806_BOM0753_L_HD_1_M0.png
Y:\250806\250806_BOM0753_R_1_HD_1\png\250806_BOM0753_R_1_HD_1_M0.png
Y:\250806\250806_BOM0753_R_2_HD_1\png\250806_BOM0753_R_2_HD_1_M0.png
Y:\250806\250806_BOM0753_R_HD_1\png\250806_BOM0753_R_HD_1_M0.png
Y:\250806\BOM\250806_BOM0753_L_1_HD_2\png\250806_BOM0753_L_1_HD_2_M0.png
Y:\250806\BOM\250806_BOM0753_L_2_HD_2\png\250806_BOM0753_L_2_HD_2_M0.png
Y:\250806\BOM\250806_BOM0753_L_HD_3\png\250806_BOM0753_L_HD_3_M0.png
Y:\250806\BOM\250806_BOM0753_R_1_HD_1\png\250806_BOM0753_R_1_HD_1_M0.png
Y:\250806\BOM\250806_BOM0753_R_2_HD_1\png\250806_BOM0753_R_2_HD_1_M0.png
Y:\250806\BOM\250806_BOM0753_R_HD_2\png\250806_BOM0753_R_HD_2_M0.png
Y:\250925\250925_BOM0753_L_1_HD_2\png\250925_BOM0753_L_1_HD_2_M0.png
Y:\250925\250925_BOM0753_R_1_HD_1\png\250925_BOM0753_R_1_HD_1_M0.png
Y:\250925\250925_BOM0753_R_HD_1\png\250925_BOM0753_R_HD_1_M0.png","Y:\250521\250521_BOM0753_L_2_HD_1\png\250521_BOM0753_L_2_HD_1_M0.png
Y:\250521\250521_BOM0753_R_2_HD_1\png\250521_BOM0753_R_2_HD_1_M0.png
Y:\250526\250526_BOM0753_R_1_HD_1\png\250526_BOM0753_R_1_HD_1_M0.png
Y:\250606\250606_BOM0753_R_2_HD_4\png\250606_BOM0753_R_2_HD_4_M0.png
Y:\250624\250624_BOM0753_L_0_BL_HD_1\png\250624_BOM0753_L_0_BL_HD_1_M0.png
Y:\250624\250624_BOM0753_L_0_BL_HD_2\png\250624_BOM0753_L_0_BL_HD_2_M0.png
Y:\250624\250624_BOM0753_L_1_BL2_HD_1\png\250624_BOM0753_L_1_BL2_HD_1_M0.png
Y:\250624\250624_BOM0753_L_1_BL2_HD_2\png\250624_BOM0753_L_1_BL2_HD_2_M0.png
Y:\250624\250624_BOM0753_L_4_HD_1\png\250624_BOM0753_L_4_HD_1_M0.png
Y:\250624\250624_BOM0753_L_4_HD_2\png\250624_BOM0753_L_4_HD_2_M0.png
Y:\250624\250624_BOM0753_L_5_HD_1\png\250624_BOM0753_L_5_HD_1_M0.png
Y:\250624\250624_BOM0753_L_5_HD_2\png\250624_BOM0753_L_5_HD_2_M0.png
Y:\250806\250806_BOM0753_L_HD_1\png\250806_BOM0753_L_HD_1_M0.png
Y:\250806\BOM\250806_BOM0753_L_HD_3\png\250806_BOM0753_L_HD_3_M0.png
Y:\250925\250925_BOM0753_L_HD_2\png\250925_BOM0753_L_HD_2_M0.png
Y:\251021_7s\251021_BOM0753_L_HD_1\png\251021_BOM0753_L_HD_1_M0.png","Y:\250428\250428_BOM0753_R_HD_1\png\250428_BOM0753_R_HD_1_M0.png
Y:\250512\250512_BOM0753_L_1_HD_1\png\250512_BOM0753_L_1_HD_1_M0.png
Y:\250521\250521_BOM0753_L_1_HD_1\png\250521_BOM0753_L_1_HD_1_M0.png
Y:\250526\250526_BOM0753_R_2_HD_1\png\250526_BOM0753_R_2_HD_1_M0.png
Y:\250604\250604_BOM0753_L_1_HD_1\png\250604_BOM0753_L_1_HD_1_M0.png
Y:\250624\250624_BOM0753_L_6_HD_1\png\250624_BOM0753_L_6_HD_1_M0.png
Y:\250624\250624_BOM0753_L_6_HD_2\png\250624_BOM0753_L_6_HD_2_M0.png
Y:\250624\250624_BOM0753_L_7_HD_1\png\250624_BOM0753_L_7_HD_1_M0.png
Y:\250624\250624_BOM0753_L_7_HD_2\png\250624_BOM0753_L_7_HD_2_M0.png
Y:\250806\250806_BOM0753_L_1_HD_1\png\250806_BOM0753_L_1_HD_1_M0.png
Y:\250806\BOM\250806_BOM0753_L_1_HD_2\png\250806_BOM0753_L_1_HD_2_M0.png
Y:\250925\250925_BOM0753_L_2_HD_1\png\250925_BOM0753_L_2_HD_1_M0.png
Y:\251024\251024_BOM0753_R_HD_2\png\251024_BOM0753_R_HD_2_M0.png"
BON,possible_overlap,train+test,,"dataset\old_dataset\classification\train\left\1057.png
dataset\old_dataset\classification\train\left\1058.png",,dataset\old_dataset\classification\test\left\1056.png,"Y:\250912\BON\250912_BON_R_2_HD_1\png\250912_BON_R_2_HD_1_M0.png
Y:\250912\BON\250912_BON_R_HD_1\png\250912_BON_R_HD_1_M0.png",,Y:\250912\BON\250912_BON_R_1_HD_1\png\250912_BON_R_1_HD_1_M0.png
BOP,possible_overlap,train+test,,"dataset\old_dataset\classification\train\left\1063.png
dataset\old_dataset\classification\train\left\1066.png
dataset\old_dataset\classification\train\right\1059.png
dataset\old_dataset\classification\train\right\1061.png
dataset\old_dataset\classification\train\right\1062.png",,"dataset\old_dataset\classification\test\left\1064.png
dataset\old_dataset\classification\test\left\1065.png
dataset\old_dataset\classification\test\right\1060.png","Y:\250912\BOP\250912_BOP_L_1_HD_1\png\250912_BOP_L_1_HD_1_M0.png
Y:\250912\BOP\250912_BOP_L_3_HD_1\png\250912_BOP_L_3_HD_1_M0.png
Y:\250912\BOP\250912_BOP_L_HD_1\png\250912_BOP_L_HD_1_M0.png
Y:\250912\BOP\250912_BOP_R_1_HD_1\png\250912_BOP_R_1_HD_1_M0.png
Y:\250912\BOP\250912_BOP_R_HD_1\png\250912_BOP_R_HD_1_M0.png",,"Y:\250912\BOP\250912_BOP_L_2_HD_1\png\250912_BOP_L_2_HD_1_M0.png
Y:\250912\BOP\250912_BOP_R_2_HD_1\png\250912_BOP_R_2_HD_1_M0.png
Y:\250912\BOP\250912_BOP_R_3_HD_1\png\250912_BOP_R_3_HD_1_M0.png"
CAB,possible_overlap,train+valid,,"dataset\old_dataset\classification\train\left\0546.png
dataset\old_dataset\classification\train\left\0548.png
dataset\old_dataset\classification\train\left\0549.png
dataset\old_dataset\classification\train\left\0550.png
dataset\old_dataset\classification\train\left\0551.png
dataset\old_dataset\classification\train\right\0544.png
dataset\old_dataset\classification\train\right\0547.png",dataset\old_dataset\classification\valid\right\0545.png,,"Y:\250722\CAB\250722_CAB__L_1_HD_1\png\250722_CAB__L_1_HD_1_M0.png
Y:\250722\CAB\250722_CAB__L_3_HD_1\png\250722_CAB__L_3_HD_1_M0.png
Y:\250722\CAB\250722_CAB__L_HD_1\png\250722_CAB__L_HD_1_M0.png
Y:\250722\CAB\250722_CAB__R_1_HD_1\png\250722_CAB__R_1_HD_1_M0.png
Y:\250722\CAB\250722_CAB__R_2_HD_1\png\250722_CAB__R_2_HD_1_M0.png
Y:\250722\CAB\250722_CAB__R_3_HD_1\png\250722_CAB__R_3_HD_1_M0.png
Y:\250722\CAB\250722_CAB__R_HD_1\png\250722_CAB__R_HD_1_M0.png",Y:\250722\CAB\250722_CAB__L_2_HD_1\png\250722_CAB__L_2_HD_1_M0.png,
CAC,possible_overlap,train+valid+test,,"dataset\old_dataset\classification\train\left\1260.png
dataset\old_dataset\classification\train\left\1287.png
dataset\old_dataset\classification\train\left\1288.png
dataset\old_dataset\classification\train\left\1289.png
dataset\old_dataset\classification\train\right\1255.png
dataset\old_dataset\classification\train\right\1256.png
dataset\old_dataset\classification\train\right\1283.png
dataset\old_dataset\classification\train\right\1285.png
dataset\old_dataset\classification\train\right\1286.png",dataset\old_dataset\classification\valid\right\1284.png,"dataset\old_dataset\classification\test\left\1258.png
dataset\old_dataset\classification\test\left\1259.png
dataset\old_dataset\classification\test\right\1257.png","Y:\251006\251006_CAC_L_1_HD_2\png\251006_CAC_L_1_HD_2_M0.png
Y:\251006\251006_CAC_L_2_HD_2\png\251006_CAC_L_2_HD_2_M0.png
Y:\251006\251006_CAC_R_HD_2\png\251006_CAC_R_HD_2_M0.png
Y:\251007\251007_CAC_L_1_HD_2\png\251007_CAC_L_1_HD_2_M0.png
Y:\251007\251007_CAC_L_3_HD_2\png\251007_CAC_L_3_HD_2_M0.png
Y:\251007\251007_CAC_L_HD_2\png\251007_CAC_L_HD_2_M0.png
Y:\251007\251007_CAC_R_1_HD_2\png\251007_CAC_R_1_HD_2_M0.png
Y:\251007\251007_CAC_R_2_HD_2\png\251007_CAC_R_2_HD_2_M0.png
Y:\251007\251007_CAC_R_HD_2\png\251007_CAC_R_HD_2_M0.png",Y:\251007\251007_CAC_L_2_HD_2\png\251007_CAC_L_2_HD_2_M0.png,"Y:\251006\251006_CAC_L_HD_2\png\251006_CAC_L_HD_2_M0.png
Y:\251006\251006_CAC_R_1_HD_2\png\251006_CAC_R_1_HD_2_M0.png
Y:\251006\251006_CAC_R_2_HD_2\png\251006_CAC_R_2_HD_2_M0.png"
CAM,possible_overlap,train+test,,"dataset\old_dataset\classification\train\left\1598.png
dataset\old_dataset\classification\train\left\1599.png
dataset\old_dataset\classification\train\left\1600.png
dataset\old_dataset\classification\train\right\1596.png
dataset\old_dataset\classification\train\right\1597.png",,dataset\old_dataset\classification\test\right\1595.png,"Y:\251120\251120_CAM_L_2_HD_1\png\251120_CAM_L_2_HD_1_M0.png
Y:\251120\251120_CAM_L_HD_1\png\251120_CAM_L_HD_1_M0.png
Y:\251120\251120_CAM_R_1_HD_1\png\251120_CAM_R_1_HD_1_M0.png
Y:\251120\251120_CAM_R_2_HD_1\png\251120_CAM_R_2_HD_1_M0.png
Y:\251120\251120_CAM_R_HD_1\png\251120_CAM_R_HD_1_M0.png",,Y:\251120\251120_CAM_L_1_HD_1\png\251120_CAM_L_1_HD_1_M0.png
CAV,possible_overlap,train+valid,,"dataset\old_dataset\classification\train\left\1308.png
dataset\old_dataset\classification\train\left\1309.png
dataset\old_dataset\classification\train\left\1310.png
dataset\old_dataset\classification\train\right\1305.png
dataset\old_dataset\classification\train\right\1307.png",dataset\old_dataset\classification\valid\right\1306.png,,"Y:\251008\251008_CAV_L_1_HD_2\png\251008_CAV_L_1_HD_2_M0.png
Y:\251008\251008_CAV_L_HD_2\png\251008_CAV_L_HD_2_M0.png
Y:\251008\251008_CAV_R_1_HD_2\png\251008_CAV_R_1_HD_2_M0.png
Y:\251008\251008_CAV_R_2_HD_2\png\251008_CAV_R_2_HD_2_M0.png
Y:\251008\251008_CAV_R_HD_2\png\251008_CAV_R_HD_2_M0.png",Y:\251008\251008_CAV_L_2_HD_2\png\251008_CAV_L_2_HD_2_M0.png,
CHI,possible_overlap,train+test,,"dataset\old_dataset\classification\train\left\1009.png
dataset\old_dataset\classification\train\left\1010.png
dataset\old_dataset\classification\train\right\1008.png",,"dataset\old_dataset\classification\test\left\1011.png
dataset\old_dataset\classification\test\right\1006.png
dataset\old_dataset\classification\test\right\1007.png","Y:\250911\250911_CHI_L_HD_2\png\250911_CHI_L_HD_2_M0.png
Y:\250911\250911_CHI_R_1_HD_2\png\250911_CHI_R_1_HD_2_M0.png
Y:\250911\250911_CHI_R_2_HD_2\png\250911_CHI_R_2_HD_2_M0.png",,"Y:\250911\250911_CHI_L_1_HD_2\png\250911_CHI_L_1_HD_2_M0.png
Y:\250911\250911_CHI_L_2_HD_3\png\250911_CHI_L_2_HD_3_M0.png
Y:\250911\250911_CHI_R_HD_3\png\250911_CHI_R_HD_3_M0.png"
CHM,possible_overlap,train+test,,"dataset\old_dataset\classification\train\left\1071.png
dataset\old_dataset\classification\train\left\1072.png
dataset\old_dataset\classification\train\right\1067.png
dataset\old_dataset\classification\train\right\1068.png",,"dataset\old_dataset\classification\test\left\1070.png
dataset\old_dataset\classification\test\right\1069.png","Y:\250912\CHM\250912_CHM_L_1_HD_1\png\250912_CHM_L_1_HD_1_M0.png
Y:\250912\CHM\250912_CHM_L_2_HD_1\png\250912_CHM_L_2_HD_1_M0.png
Y:\250912\CHM\250912_CHM_R_2_HD_1\png\250912_CHM_R_2_HD_1_M0.png
Y:\250912\CHM\250912_CHM_R_HD_1\png\250912_CHM_R_HD_1_M0.png",,"Y:\250912\CHM\250912_CHM_L_HD_1\png\250912_CHM_L_HD_1_M0.png
Y:\250912\CHM\250912_CHM_R_1_HD_1\png\250912_CHM_R_1_HD_1_M0.png"
CHT,possible_overlap,train+test,,"dataset\old_dataset\classification\train\left\1264.png
dataset\old_dataset\classification\train\left\1266.png
dataset\old_dataset\classification\train\left\1267.png
dataset\old_dataset\classification\train\right\1261.png
dataset\old_dataset\classification\train\right\1262.png
dataset\old_dataset\classification\train\right\1263.png",,dataset\old_dataset\classification\test\left\1265.png,"Y:\251006\251006_CHT_L_1_HD_2\png\251006_CHT_L_1_HD_2_M0.png
Y:\251006\251006_CHT_L_2_HD_2\png\251006_CHT_L_2_HD_2_M0.png
Y:\251006\251006_CHT_L_HD_2\png\251006_CHT_L_HD_2_M0.png
Y:\251006\251006_CHT_R_1_HD_2\png\251006_CHT_R_1_HD_2_M0.png
Y:\251006\251006_CHT_R_3_HD_2\png\251006_CHT_R_3_HD_2_M0.png
Y:\251006\251006_CHT_R_HD_2\png\251006_CHT_R_HD_2_M0.png",,Y:\251006\251006_CHT_R_2_HD_2\png\251006_CHT_R_2_HD_2_M0.png
CIS,possible_overlap,train+valid+test,,"dataset\old_dataset\classification\train\left\1314.png
dataset\old_dataset\classification\train\left\1315.png
dataset\old_dataset\classification\train\left\1316.png
dataset\old_dataset\classification\train\left\1317.png
dataset\old_dataset\classification\train\right\1312.png",dataset\old_dataset\classification\valid\right\1313.png,dataset\old_dataset\classification\test\right\1311.png,"Y:\251008\251008_CIS_L_2_HD_1\png\251008_CIS_L_2_HD_1_M0.png
Y:\251008\251008_CIS_R_1_HD_1\png\251008_CIS_R_1_HD_1_M0.png
Y:\251008\251008_CIS_R_2_HD_1\png\251008_CIS_R_2_HD_1_M0.png
Y:\251008\251008_CIS_R_3_HD_1\png\251008_CIS_R_3_HD_1_M0.png
Y:\251008\251008_CIS_R_HD_1\png\251008_CIS_R_HD_1_M0.png",Y:\251008\251008_CIS_L_HD_1\png\251008_CIS_L_HD_1_M0.png,Y:\251008\251008_CIS_L_1_HD_1\png\251008_CIS_L_1_HD_1_M0.png
COD,possible_overlap,train+valid+test,,"dataset\old_dataset\classification\train\left\1165.png
dataset\old_dataset\classification\train\left\1167.png
dataset\old_dataset\classification\train\right\1160.png
dataset\old_dataset\classification\train\right\1163.png","dataset\old_dataset\classification\valid\left\1166.png
dataset\old_dataset\classification\valid\right\1162.png","dataset\old_dataset\classification\test\left\1164.png
dataset\old_dataset\classification\test\right\1161.png","Y:\250922\250922_COD_L_1_HD_1\png\250922_COD_L_1_HD_1_M0.png
Y:\250922\250922_COD_L_HD_1\png\250922_COD_L_HD_1_M0.png
Y:\250922\250922_COD_R_2_HD_1\png\250922_COD_R_2_HD_1_M0.png
Y:\250922\250922_COD_R_HD_1\png\250922_COD_R_HD_1_M0.png","Y:\250922\250922_COD_L_3_HD_1\png\250922_COD_L_3_HD_1_M0.png
Y:\250922\250922_COD_R_3_HD_1\png\250922_COD_R_3_HD_1_M0.png","Y:\250922\250922_COD_L_2_HD_1\png\250922_COD_L_2_HD_1_M0.png
Y:\250922\250922_COD_R_1_HD_1\png\250922_COD_R_1_HD_1_M0.png"
COS0535,possible_overlap,train+valid,,"dataset\old_dataset\classification\train\left\0127.png
dataset\old_dataset\classification\train\left\0128.png
dataset\old_dataset\classification\train\left\0129.png
dataset\old_dataset\classification\train\right\0122.png
dataset\old_dataset\classification\train\right\0123.png
dataset\old_dataset\classification\train\right\0124.png","dataset\old_dataset\classification\valid\left\0126.png
dataset\old_dataset\classification\valid\right\0125.png",,"Y:\250509\250509_COS0535_L_1_HD_1\png\250509_COS0535_L_1_HD_1_M0.png
Y:\250509\250509_COS0535_L_2_HD_1\png\250509_COS0535_L_2_HD_1_M0.png
Y:\250509\250509_COS0535_L_3_HD_1\png\250509_COS0535_L_3_HD_1_M0.png
Y:\250509\250509_COS0535_R_2_HD_1\png\250509_COS0535_R_2_HD_1_M0.png
Y:\250509\250509_COS0535_R_3_HD_1\png\250509_COS0535_R_3_HD_1_M0.png
Y:\250509\250509_COS0535_R_HD_1\png\250509_COS0535_R_HD_1_M0.png","Y:\250509\250509_COS0535_L_HD_1\png\250509_COS0535_L_HD_1_M0.png
Y:\250509\250509_COS0535_R_1_HD_1\png\250509_COS0535_R_1_HD_1_M0.png",
COY,possible_overlap,train+valid,,"dataset\old_dataset\classification\train\left\0088.png
dataset\old_dataset\classification\train\left\0089.png
dataset\old_dataset\classification\train\left\0090.png
dataset\old_dataset\classification\train\right\0085.png
dataset\old_dataset\classification\train\right\0086.png","dataset\old_dataset\classification\valid\left\0087.png
dataset\old_dataset\classification\valid\right\0084.png",,"Y:\250507\250507_COY_L_2_HD_1\png\250507_COY_L_2_HD_1_M0.png
Y:\250507\250507_COY_L_HD_1\png\250507_COY_L_HD_1_M0.png
Y:\250507\250507_COY_R_2_HD_1\png\250507_COY_R_2_HD_1_M0.png
Y:\250507\250507_COY_R_3_HD_1\png\250507_COY_R_3_HD_1_M0.png
Y:\250507\250507_COY_R_HD_1\png\250507_COY_R_HD_1_M0.png","Y:\250507\250507_COY_L_1_HD_1\png\250507_COY_L_1_HD_1_M0.png
Y:\250507\250507_COY_R_1_HD_1\png\250507_COY_R_1_HD_1_M0.png",
DAD0166,possible_overlap,train+valid+test,,"dataset\old_dataset\classification\train\left\0096.png
dataset\old_dataset\classification\train\left\0160.png
dataset\old_dataset\classification\train\left\0161.png
dataset\old_dataset\classification\train\left\0162.png
dataset\old_dataset\classification\train\right\0092.png
dataset\old_dataset\classification\train\right\0093.png
dataset\old_dataset\classification\train\right\0157.png","dataset\old_dataset\classification\valid\left\0094.png
dataset\old_dataset\classification\valid\left\0095.png
dataset\old_dataset\classification\valid\right\0091.png
dataset\old_dataset\classification\valid\right\0159.png",dataset\old_dataset\classification\test\right\0158.png,"Y:\250507\250507_DAD0166_L_2_HD_1\png\250507_DAD0166_L_2_HD_1_M0.png
Y:\250507\250507_DAD0166_L_HD_1\png\250507_DAD0166_L_HD_1_M0.png
Y:\250507\250507_DAD0166_R_HD_1\png\250507_DAD0166_R_HD_1_M0.png
Y:\250512\250512_DAD0166_L_1_HD_1\png\250512_DAD0166_L_1_HD_1_M0.png
Y:\250512\250512_DAD0166_R_1_HD_1\png\250512_DAD0166_R_1_HD_1_M0.png
Y:\250512\250512_DAD0166_R_2_HD_1\png\250512_DAD0166_R_2_HD_1_M0.png
Y:\250512\250512_DAD0166_R_HD_1\png\250512_DAD0166_R_HD_1_M0.png","Y:\250507\250507_DAD0166_L_1_HD_1\png\250507_DAD0166_L_1_HD_1_M0.png
Y:\250507\250507_DAD0166_R_1_HD_1\png\250507_DAD0166_R_1_HD_1_M0.png
Y:\250507\250507_DAD0166_R_2_HD_1\png\250507_DAD0166_R_2_HD_1_M0.png
Y:\250512\250512_DAD0166_L_HD_1\png\250512_DAD0166_L_HD_1_M0.png",Y:\250512\250512_DAD0166_L_2_HD_1\png\250512_DAD0166_L_2_HD_1_M0.png
DAS,possible_overlap,train+valid+test,,"dataset\old_dataset\classification\train\left\0575.png
dataset\old_dataset\classification\train\left\0576.png
dataset\old_dataset\classification\train\left\0577.png
dataset\old_dataset\classification\train\left\0915.png
dataset\old_dataset\classification\train\left\0917.png
dataset\old_dataset\classification\train\left\1016.png
dataset\old_dataset\classification\train\left\1017.png
dataset\old_dataset\classification\train\left\1018.png
dataset\old_dataset\classification\train\right\0568.png
dataset\old_dataset\classification\train\right\0569.png
dataset\old_dataset\classification\train\right\0571.png
dataset\old_dataset\classification\train\right\0573.png
dataset\old_dataset\classification\train\right\0574.png
dataset\old_dataset\classification\train\right\0908.png
dataset\old_dataset\classification\train\right\0909.png
dataset\old_dataset\classification\train\right\0910.png
dataset\old_dataset\classification\train\right\0913.png
dataset\old_dataset\classification\train\right\1013.png
dataset\old_dataset\classification\train\right\1014.png
dataset\old_dataset\classification\train\right\1015.png","dataset\old_dataset\classification\valid\right\0911.png
dataset\old_dataset\classification\valid\right\0912.png","dataset\old_dataset\classification\test\left\0916.png
dataset\old_dataset\classification\test\right\0572.png
dataset\old_dataset\classification\test\right\0914.png
dataset\old_dataset\classification\test\right\1012.png","Y:\250731\250731_DAS_L_1_HD_1\png\250731_DAS_L_1_HD_1_M0.png
Y:\250731\250731_DAS_L_1_HD_2\png\250731_DAS_L_1_HD_2_M0.png
Y:\250731\250731_DAS_L_2_HD_1\png\250731_DAS_L_2_HD_1_M0.png
Y:\250731\250731_DAS_L_2_HD_2\png\250731_DAS_L_2_HD_2_M0.png
Y:\250731\250731_DAS_L_3_HD_2\png\250731_DAS_L_3_HD_2_M0.png
Y:\250731\250731_DAS_L_4_HD_2\png\250731_DAS_L_4_HD_2_M0.png
Y:\250731\250731_DAS_L_6_HD_2\png\250731_DAS_L_6_HD_2_M0.png
Y:\250731\250731_DAS_L_HD_1\png\250731_DAS_L_HD_1_M0.png
Y:\250731\250731_DAS_L_HD_3\png\250731_DAS_L_HD_3_M0.png
Y:\250731\250731_DAS_R_1_HD_1\png\250731_DAS_R_1_HD_1_M0.png
Y:\250731\250731_DAS_R_1_HD_2\png\250731_DAS_R_1_HD_2_M0.png
Y:\250731\250731_DAS_R_2_HD_1\png\250731_DAS_R_2_HD_1_M0.png
Y:\250731\250731_DAS_R_2_HD_2\png\250731_DAS_R_2_HD_2_M0.png
Y:\250731\250731_DAS_R_HD_1\png\250731_DAS_R_HD_1_M0.png
Y:\250731\250731_DAS_R_HD_2\png\250731_DAS_R_HD_2_M0.png
Y:\250911\250911_DAS_L_2_HD_1\png\250911_DAS_L_2_HD_1_M0.png
Y:\250911\250911_DAS_L_3_HD_1\png\250911_DAS_L_3_HD_1_M0.png
Y:\250911\250911_DAS_L_HD_1\png\250911_DAS_L_HD_1_M0.png
Y:\250911\250911_DAS_R_1_HD_1\png\250911_DAS_R_1_HD_1_M0.png
Y:\250911\250911_DAS_R_2_HD_1\png\250911_DAS_R_2_HD_1_M0.png
Y:\250911\250911_DAS_R_HD_1\png\250911_DAS_R_HD_1_M0.png","Y:\250731\250731_DAS_L_4_HD_2\png\250731_DAS_L_4_HD_2_M0.png
Y:\250731\250731_DAS_L_5_HD_2\png\250731_DAS_L_5_HD_2_M0.png","Y:\250731\250731_DAS_L_5_HD_2\png\250731_DAS_L_5_HD_2_M0.png
Y:\250731\250731_DAS_L_HD_1\png\250731_DAS_L_HD_1_M0.png
Y:\250731\250731_DAS_L_HD_3\png\250731_DAS_L_HD_3_M0.png
Y:\250731\250731_DAS_R_2_HD_1\png\250731_DAS_R_2_HD_1_M0.png
Y:\250731\250731_DAS_R_2_HD_2\png\250731_DAS_R_2_HD_2_M0.png
Y:\250911\250911_DAS_L_1_HD_1\png\250911_DAS_L_1_HD_1_M0.png"
DEA,possible_overlap,train+valid+test,,"dataset\old_dataset\classification\train\right\1073.png
dataset\old_dataset\classification\train\right\1074.png
dataset\old_dataset\classification\train\right\1075.png","dataset\old_dataset\classification\valid\left\1076.png
dataset\old_dataset\classification\valid\left\1077.png",dataset\old_dataset\classification\test\left\1078.png,"Y:\250912\DEA\250912_DEA_L_1_HD_1\png\250912_DEA_L_1_HD_1_M0.png
Y:\250912\DEA\250912_DEA_L_2_HD_1\png\250912_DEA_L_2_HD_1_M0.png
Y:\250912\DEA\250912_DEA_L_HD_1\png\250912_DEA_L_HD_1_M0.png","Y:\250912\DEA\250912_DEA_R_1_HD_1\png\250912_DEA_R_1_HD_1_M0.png
Y:\250912\DEA\250912_DEA_R_2_HD_1\png\250912_DEA_R_2_HD_1_M0.png",Y:\250912\DEA\250912_DEA_R_HD_1\png\250912_DEA_R_HD_1_M0.png
DEC0014,possible_overlap,train+valid+test,,"dataset\old_dataset\classification\train\left\0061.png
dataset\old_dataset\classification\train\left\0062.png
dataset\old_dataset\classification\train\left\0100.png
dataset\old_dataset\classification\train\left\0101.png
dataset\old_dataset\classification\train\left\0102.png
dataset\old_dataset\classification\train\left\0166.png
dataset\old_dataset\classification\train\left\0167.png
dataset\old_dataset\classification\train\left\0168.png
dataset\old_dataset\classification\train\right\0058.png
dataset\old_dataset\classification\train\right\0059.png
dataset\old_dataset\classification\train\right\0060.png
dataset\old_dataset\classification\train\right\0098.png
dataset\old_dataset\classification\train\right\0099.png
dataset\old_dataset\classification\train\right\0164.png
dataset\old_dataset\classification\train\right\0165.png","dataset\old_dataset\classification\valid\left\0063.png
dataset\old_dataset\classification\valid\right\0163.png",dataset\old_dataset\classification\test\right\0097.png,"Y:\250430\250430_DEC0014_L_1_HD_1\png\250430_DEC0014_L_1_HD_1_M0.png
Y:\250430\250430_DEC0014_L_2_HD_1\png\250430_DEC0014_L_2_HD_1_M0.png
Y:\250430\250430_DEC0014_L_HD_1\png\250430_DEC0014_L_HD_1_M0.png
Y:\250430\250430_DEC0014_R_1_HD_1\png\250430_DEC0014_R_1_HD_1_M0.png
Y:\250430\250430_DEC0014_R_2_HD_1\png\250430_DEC0014_R_2_HD_1_M0.png
Y:\250507\250507_DEC0014_L_2_HD_1\png\250507_DEC0014_L_2_HD_1_M0.png
Y:\250507\250507_DEC0014_L_HD_1\png\250507_DEC0014_L_HD_1_M0.png
Y:\250507\250507_DEC0014_R_1_HD_1\png\250507_DEC0014_R_1_HD_1_M0.png
Y:\250507\250507_DEC0014_R_2_HD_1\png\250507_DEC0014_R_2_HD_1_M0.png
Y:\250507\250507_DEC0014_R_HD_1\png\250507_DEC0014_R_HD_1_M0.png
Y:\250512\250512_DEC0014_L_2_HD_1\png\250512_DEC0014_L_2_HD_1_M0.png
Y:\250512\250512_DEC0014_L_HD_1\png\250512_DEC0014_L_HD_1_M0.png
Y:\250512\250512_DEC0014_R_1_HD_1\png\250512_DEC0014_R_1_HD_1_M0.png
Y:\250512\250512_DEC0014_R_2_HD_1\png\250512_DEC0014_R_2_HD_1_M0.png
Y:\250512\250512_DEC0014_R_HD_1\png\250512_DEC0014_R_HD_1_M0.png","Y:\250430\250430_DEC0014_R_HD_1\png\250430_DEC0014_R_HD_1_M0.png
Y:\250512\250512_DEC0014_L_1_HD_1\png\250512_DEC0014_L_1_HD_1_M0.png",Y:\250507\250507_DEC0014_L_1_HD_1\png\250507_DEC0014_L_1_HD_1_M0.png
DEN,possible_overlap,train+test,,"dataset\old_dataset\classification\train\left\1377.png
dataset\old_dataset\classification\train\left\1379.png
dataset\old_dataset\classification\train\left\1380.png
dataset\old_dataset\classification\train\right\1374.png
dataset\old_dataset\classification\train\right\1376.png",,"dataset\old_dataset\classification\test\left\1378.png
dataset\old_dataset\classification\test\right\1375.png","Y:\251013\251013_DEN_L_1_HD_1\png\251013_DEN_L_1_HD_1_M0.png
Y:\251013\251013_DEN_L_HD_1\png\251013_DEN_L_HD_1_M0.png
Y:\251013\251013_DEN_R_1_HD_1\png\251013_DEN_R_1_HD_1_M0.png
Y:\251013\251013_DEN_R_3_HD_1\png\251013_DEN_R_3_HD_1_M0.png
Y:\251013\251013_DEN_R_HD_1\png\251013_DEN_R_HD_1_M0.png",,"Y:\251013\251013_DEN_L_2_HD_1\png\251013_DEN_L_2_HD_1_M0.png
Y:\251013\251013_DEN_R_2_HD_1\png\251013_DEN_R_2_HD_1_M0.png"
DES,possible_overlap,train+valid+test,,"dataset\old_dataset\classification\train\left\1230.png
dataset\old_dataset\classification\train\right\1226.png
dataset\old_dataset\classification\train\right\1228.png",dataset\old_dataset\classification\valid\left\1231.png,"dataset\old_dataset\classification\test\left\1229.png
dataset\old_dataset\classification\test\right\1227.png","Y:\250930\250930_DES_L_1_HD_1\png\250930_DES_L_1_HD_1_M0.png
Y:\250930\250930_DES_L_HD_1\png\250930_DES_L_HD_1_M0.png
Y:\250930\250930_DES_R_2_HD_1\png\250930_DES_R_2_HD_1_M0.png",Y:\250930\250930_DES_R_HD_1\png\250930_DES_R_HD_1_M0.png,"Y:\250930\250930_DES_L_2_HD_1\png\250930_DES_L_2_HD_1_M0.png
Y:\250930\250930_DES_R_1_HD_1\png\250930_DES_R_1_HD_1_M0.png"
DJA,possible_overlap,train+valid+test,,"dataset\old_dataset\classification\train\left\1135.png
dataset\old_dataset\classification\train\left\1137.png
dataset\old_dataset\classification\train\left\1138.png
dataset\old_dataset\classification\train\right\1132.png
dataset\old_dataset\classification\train\right\1134.png",dataset\old_dataset\classification\valid\left\1136.png,dataset\old_dataset\classification\test\right\1133.png,"Y:\250918\250918_DJA_L_1_HD_1\png\250918_DJA_L_1_HD_1_M0.png
Y:\250918\250918_DJA_L_HD_1\png\250918_DJA_L_HD_1_M0.png
Y:\250918\250918_DJA_R_1_HD_1\png\250918_DJA_R_1_HD_1_M0.png
Y:\250918\250918_DJA_R_3_HD_1\png\250918_DJA_R_3_HD_1_M0.png
Y:\250918\250918_DJA_R_HD_1\png\250918_DJA_R_HD_1_M0.png",Y:\250918\250918_DJA_R_2_HD_1\png\250918_DJA_R_2_HD_1_M0.png,Y:\250918\250918_DJA_L_2_HD_1\png\250918_DJA_L_2_HD_1_M0.png
DJC,possible_overlap,train+valid,,"dataset\old_dataset\classification\train\left\1401.png
dataset\old_dataset\classification\train\left\1402.png",dataset\old_dataset\classification\valid\left\1403.png,,"Y:\251017\251017_DJC_R_R_1_HD_1\png\251017_DJC_R_R_1_HD_1_M0.png
Y:\251017\251017_DJC_R_R_2_HD_1\png\251017_DJC_R_R_2_HD_1_M0.png",Y:\251017\251017_DJC_R_R_HD_1\png\251017_DJC_R_R_HD_1_M0.png,
DJL,possible_overlap,train+valid,,"dataset\old_dataset\classification\train\left\1322.png
dataset\old_dataset\classification\train\left\1323.png
dataset\old_dataset\classification\train\right\1318.png
dataset\old_dataset\classification\train\right\1319.png
dataset\old_dataset\classification\train\right\1320.png",dataset\old_dataset\classification\valid\left\1321.png,,"Y:\251008\251008_DJL_L_1_HD_2\png\251008_DJL_L_1_HD_2_M0.png
Y:\251008\251008_DJL_L_2_HD_2\png\251008_DJL_L_2_HD_2_M0.png
Y:\251008\251008_DJL_L_HD_2\png\251008_DJL_L_HD_2_M0.png
Y:\251008\251008_DJL_R_2_HD_2\png\251008_DJL_R_2_HD_2_M0.png
Y:\251008\251008_DJL_R_HD_2\png\251008_DJL_R_HD_2_M0.png",Y:\251008\251008_DJL_R_1_HD_2\png\251008_DJL_R_1_HD_2_M0.png,
DOP,possible_overlap,train+valid+test,,"dataset\old_dataset\classification\train\left\0706.png
dataset\old_dataset\classification\train\left\0707.png
dataset\old_dataset\classification\train\left\0708.png
dataset\old_dataset\classification\train\right\0702.png
dataset\old_dataset\classification\train\right\0703.png",dataset\old_dataset\classification\valid\left\0705.png,dataset\old_dataset\classification\test\right\0704.png,"Y:\250910\250910_DOP_L_1_HD_1\png\250910_DOP_L_1_HD_1_M0.png
Y:\250910\250910_DOP_L_2_HD_1\png\250910_DOP_L_2_HD_1_M0.png
Y:\250910\250910_DOP_R_2_HD_1\png\250910_DOP_R_2_HD_1_M0.png
Y:\250910\250910_DOP_R_3_HD_1\png\250910_DOP_R_3_HD_1_M0.png
Y:\250910\250910_DOP_R_HD_1\png\250910_DOP_R_HD_1_M0.png",Y:\250910\250910_DOP_R_1_HD_1\png\250910_DOP_R_1_HD_1_M0.png,Y:\250910\250910_DOP_L_HD_1\png\250910_DOP_L_HD_1_M0.png
DRJ,possible_overlap,train+valid,,"dataset\old_dataset\classification\train\left\1610.png
dataset\old_dataset\classification\train\left\1612.png
dataset\old_dataset\classification\train\right\1607.png
dataset\old_dataset\classification\train\right\1608.png
dataset\old_dataset\classification\train\right\1609.png",dataset\old_dataset\classification\valid\left\1611.png,,"Y:\251127\251127_DRJ_L_1_HD_1\png\251127_DRJ_L_1_HD_1_M0.png
Y:\251127\251127_DRJ_L_2_HD_1\png\251127_DRJ_L_2_HD_1_M0.png
Y:\251127\251127_DRJ_L_HD_1\png\251127_DRJ_L_HD_1_M0.png
Y:\251127\251127_DRJ_R_1_HD_1\png\251127_DRJ_R_1_HD_1_M0.png
Y:\251127\251127_DRJ_R_HD_1\png\251127_DRJ_R_HD_1_M0.png",Y:\251127\251127_DRJ_R_2_HD_1\png\251127_DRJ_R_2_HD_1_M0.png,
DUD,possible_overlap,train+valid+test,,"dataset\old_dataset\classification\train\left\1205.png
dataset\old_dataset\classification\train\left\1207.png",dataset\old_dataset\classification\valid\left\1204.png,dataset\old_dataset\classification\test\left\1206.png,"Y:\250926\250926_DUD_R_2_HD_1\png\250926_DUD_R_2_HD_1_M0.png
Y:\250926\250926_DUD_R_HD_1\png\250926_DUD_R_HD_1_M0.png",Y:\250926\250926_DUD_R_1_HD_1\png\250926_DUD_R_1_HD_1_M0.png,Y:\250926\250926_DUD_R_3_HD_1\png\250926_DUD_R_3_HD_1_M0.png
DUM0177,possible_overlap,train+valid+test,,"dataset\old_dataset\classification\train\left\0133.png
dataset\old_dataset\classification\train\left\0134.png
dataset\old_dataset\classification\train\left\0135.png
dataset\old_dataset\classification\train\left\0136.png
dataset\old_dataset\classification\train\left\0137.png
dataset\old_dataset\classification\train\left\0172.png
dataset\old_dataset\classification\train\left\0173.png
dataset\old_dataset\classification\train\left\0174.png
dataset\old_dataset\classification\train\left\0281.png
dataset\old_dataset\classification\train\left\0282.png
dataset\old_dataset\classification\train\left\0354.png
dataset\old_dataset\classification\train\left\0355.png
dataset\old_dataset\classification\train\left\0815.png
dataset\old_dataset\classification\train\left\0816.png
dataset\old_dataset\classification\train\right\0130.png
dataset\old_dataset\classification\train\right\0169.png
dataset\old_dataset\classification\train\right\0170.png
dataset\old_dataset\classification\train\right\0171.png
dataset\old_dataset\classification\train\right\0278.png
dataset\old_dataset\classification\train\right\0352.png
dataset\old_dataset\classification\train\right\0353.png
dataset\old_dataset\classification\train\right\0812.png","dataset\old_dataset\classification\valid\left\0280.png
dataset\old_dataset\classification\valid\right\0131.png
dataset\old_dataset\classification\valid\right\0132.png
dataset\old_dataset\classification\valid\right\0277.png
dataset\old_dataset\classification\valid\right\0279.png
dataset\old_dataset\classification\valid\right\0814.png","dataset\old_dataset\classification\test\left\0817.png
dataset\old_dataset\classification\test\right\0813.png","Y:\250509\250509_DUM0177_L_1_HD_1\png\250509_DUM0177_L_1_HD_1_M0.png
Y:\250509\250509_DUM0177_R_1_HD_1\png\250509_DUM0177_R_1_HD_1_M0.png
Y:\250509\250509_DUM0177_R_2_HD_1\png\250509_DUM0177_R_2_HD_1_M0.png
Y:\250509\250509_DUM0177_R_3_HD_1\png\250509_DUM0177_R_3_HD_1_M0.png
Y:\250509\250509_DUM0177_R_4_HD_1\png\250509_DUM0177_R_4_HD_1_M0.png
Y:\250509\250509_DUM0177_R_HD_1\png\250509_DUM0177_R_HD_1_M0.png
Y:\250512\250512_DUM0177_L_1_HD_1\png\250512_DUM0177_L_1_HD_1_M0.png
Y:\250512\250512_DUM0177_L_2_HD_1\png\250512_DUM0177_L_2_HD_1_M0.png
Y:\250512\250512_DUM0177_L_HD_1\png\250512_DUM0177_L_HD_1_M0.png
Y:\250512\250512_DUM0177_R_1_HD_1\png\250512_DUM0177_R_1_HD_1_M0.png
Y:\250512\250512_DUM0177_R_2_HD_1\png\250512_DUM0177_R_2_HD_1_M0.png
Y:\250512\250512_DUM0177_R_HD_1\png\250512_DUM0177_R_HD_1_M0.png
Y:\250523\250523_DUM0177_L_2_HD_1\png\250523_DUM0177_L_2_HD_1_M0.png
Y:\250523\250523_DUM0177_R_2_HD_1\png\250523_DUM0177_R_2_HD_1_M0.png
Y:\250523\250523_DUM0177_R_HD_1\png\250523_DUM0177_R_HD_1_M0.png
Y:\250528\250528_DUM0177_L_1_HD_1\png\250528_DUM0177_L_1_HD_1_M0.png
Y:\250528\250528_DUM0177_L_HD_1\png\250528_DUM0177_L_HD_1_M0.png
Y:\250528\250528_DUM0177_R_1_HD_1\png\250528_DUM0177_R_1_HD_1_M0.png
Y:\250528\250528_DUM0177_R_HD_1\png\250528_DUM0177_R_HD_1_M0.png
Y:\250604\250604_DUM0177_L_1_HD_1\png\250604_DUM0177_L_1_HD_1_M0.png
Y:\250604\250604_DUM0177_R_1_HD_1\png\250604_DUM0177_R_1_HD_1_M0.png
Y:\250604\250604_DUM0177_R_2_HD_1\png\250604_DUM0177_R_2_HD_1_M0.png","Y:\250509\250509_DUM0177_L_2_HD_1\png\250509_DUM0177_L_2_HD_1_M0.png
Y:\250509\250509_DUM0177_L_HD_1\png\250509_DUM0177_L_HD_1_M0.png
Y:\250523\250523_DUM0177_L_1_HD_1\png\250523_DUM0177_L_1_HD_1_M0.png
Y:\250523\250523_DUM0177_L_HD_1\png\250523_DUM0177_L_HD_1_M0.png
Y:\250523\250523_DUM0177_R_1_HD_1\png\250523_DUM0177_R_1_HD_1_M0.png
Y:\250604\250604_DUM0177_L_HD_1\png\250604_DUM0177_L_HD_1_M0.png","Y:\250604\250604_DUM0177_L_2_HD_1\png\250604_DUM0177_L_2_HD_1_M0.png
Y:\250604\250604_DUM0177_R_HD_1\png\250604_DUM0177_R_HD_1_M0.png"
DUO,possible_overlap,train+valid,,"dataset\old_dataset\classification\train\left\0653.png
dataset\old_dataset\classification\train\left\0654.png
dataset\old_dataset\classification\train\left\0948.png
dataset\old_dataset\classification\train\left\0949.png
dataset\old_dataset\classification\train\left\0950.png
dataset\old_dataset\classification\train\right\0649.png
dataset\old_dataset\classification\train\right\0650.png
dataset\old_dataset\classification\train\right\0651.png
dataset\old_dataset\classification\train\right\0652.png
dataset\old_dataset\classification\train\right\0944.png
dataset\old_dataset\classification\train\right\0945.png
dataset\old_dataset\classification\train\right\0946.png","dataset\old_dataset\classification\valid\left\0655.png
dataset\old_dataset\classification\valid\right\0947.png",,"Y:\250904\250904_DUO_L_1_HD_1\png\250904_DUO_L_1_HD_1_M0.png
Y:\250904\250904_DUO_L_1_HD_2\png\250904_DUO_L_1_HD_2_M0.png
Y:\250904\250904_DUO_L_2_HD_1\png\250904_DUO_L_2_HD_1_M0.png
Y:\250904\250904_DUO_L_2_HD_2\png\250904_DUO_L_2_HD_2_M0.png
Y:\250904\250904_DUO_L_3_HD_1\png\250904_DUO_L_3_HD_1_M0.png
Y:\250904\250904_DUO_L_3_HD_2\png\250904_DUO_L_3_HD_2_M0.png
Y:\250904\250904_DUO_L_HD_1\png\250904_DUO_L_HD_1_M0.png
Y:\250904\250904_DUO_L_HD_2\png\250904_DUO_L_HD_2_M0.png
Y:\250904\250904_DUO_R_1_HD_1\png\250904_DUO_R_1_HD_1_M0.png
Y:\250904\250904_DUO_R_1_HD_2\png\250904_DUO_R_1_HD_2_M0.png
Y:\250904\250904_DUO_R_2_HD_1\png\250904_DUO_R_2_HD_1_M0.png
Y:\250904\250904_DUO_R_2_HD_2\png\250904_DUO_R_2_HD_2_M0.png
Y:\250904\250904_DUO_R_HD_1\png\250904_DUO_R_HD_1_M0.png
Y:\250904\250904_DUO_R_HD_2\png\250904_DUO_R_HD_2_M0.png","Y:\250904\250904_DUO_L_HD_1\png\250904_DUO_L_HD_1_M0.png
Y:\250904\250904_DUO_L_HD_2\png\250904_DUO_L_HD_2_M0.png
Y:\250904\250904_DUO_R_HD_1\png\250904_DUO_R_HD_1_M0.png
Y:\250904\250904_DUO_R_HD_2\png\250904_DUO_R_HD_2_M0.png",
EFI,possible_overlap,train+valid+test,,"dataset\old_dataset\classification\train\left\1022.png
dataset\old_dataset\classification\train\right\1020.png
dataset\old_dataset\classification\train\right\1021.png","dataset\old_dataset\classification\valid\left\1024.png
dataset\old_dataset\classification\valid\left\1025.png","dataset\old_dataset\classification\test\left\1023.png
dataset\old_dataset\classification\test\right\1019.png","Y:\250911\250911_EFI_L_2_HD_2\png\250911_EFI_L_2_HD_2_M0.png
Y:\250911\250911_EFI_L_HD_2\png\250911_EFI_L_HD_2_M0.png
Y:\250911\250911_EFI_R_1_HD_2\png\250911_EFI_R_1_HD_2_M0.png","Y:\250911\250911_EFI_R_3_HD_2\png\250911_EFI_R_3_HD_2_M0.png
Y:\250911\250911_EFI_R_HD_2\png\250911_EFI_R_HD_2_M0.png","Y:\250911\250911_EFI_L_1_HD_2\png\250911_EFI_L_1_HD_2_M0.png
Y:\250911\250911_EFI_R_2_HD_2\png\250911_EFI_R_2_HD_2_M0.png"
FIY0713,possible_overlap,train+valid+test,,"dataset\old_dataset\classification\train\left\0025.png
dataset\old_dataset\classification\train\left\0026.png
dataset\old_dataset\classification\train\left\0027.png
dataset\old_dataset\classification\train\left\0229.png
dataset\old_dataset\classification\train\left\0230.png
dataset\old_dataset\classification\train\left\0231.png
dataset\old_dataset\classification\train\left\0244.png
dataset\old_dataset\classification\train\left\0245.png
dataset\old_dataset\classification\train\left\0246.png
dataset\old_dataset\classification\train\left\0265.png
dataset\old_dataset\classification\train\left\0266.png
dataset\old_dataset\classification\train\left\0270.png
dataset\old_dataset\classification\train\left\0286.png
dataset\old_dataset\classification\train\left\0287.png
dataset\old_dataset\classification\train\left\0311.png
dataset\old_dataset\classification\train\left\0312.png
dataset\old_dataset\classification\train\left\0313.png
dataset\old_dataset\classification\train\left\0323.png
dataset\old_dataset\classification\train\left\0324.png
dataset\old_dataset\classification\train\left\0328.png
dataset\old_dataset\classification\train\left\0344.png
dataset\old_dataset\classification\train\left\0345.png
dataset\old_dataset\classification\train\left\0346.png
dataset\old_dataset\classification\train\left\0359.png
dataset\old_dataset\classification\train\left\0383.png
dataset\old_dataset\classification\train\left\0384.png
dataset\old_dataset\classification\train\left\0385.png
dataset\old_dataset\classification\train\left\0428.png
dataset\old_dataset\classification\train\left\0429.png
dataset\old_dataset\classification\train\left\0430.png
dataset\old_dataset\classification\train\left\0822.png
dataset\old_dataset\classification\train\left\0823.png
dataset\old_dataset\classification\train\right\0022.png
dataset\old_dataset\classification\train\right\0023.png
dataset\old_dataset\classification\train\right\0024.png
dataset\old_dataset\classification\train\right\0226.png
dataset\old_dataset\classification\train\right\0227.png
dataset\old_dataset\classification\train\right\0228.png
dataset\old_dataset\classification\train\right\0241.png
dataset\old_dataset\classification\train\right\0242.png
dataset\old_dataset\classification\train\right\0267.png
dataset\old_dataset\classification\train\right\0268.png
dataset\old_dataset\classification\train\right\0269.png
dataset\old_dataset\classification\train\right\0283.png
dataset\old_dataset\classification\train\right\0284.png
dataset\old_dataset\classification\train\right\0285.png
dataset\old_dataset\classification\train\right\0308.png
dataset\old_dataset\classification\train\right\0310.png
dataset\old_dataset\classification\train\right\0342.png
dataset\old_dataset\classification\train\right\0356.png
dataset\old_dataset\classification\train\right\0357.png
dataset\old_dataset\classification\train\right\0380.png
dataset\old_dataset\classification\train\right\0382.png
dataset\old_dataset\classification\train\right\0426.png
dataset\old_dataset\classification\train\right\0427.png
dataset\old_dataset\classification\train\right\0431.png
dataset\old_dataset\classification\train\right\0818.png
dataset\old_dataset\classification\train\right\0819.png
dataset\old_dataset\classification\train\right\0820.png
dataset\old_dataset\classification\train\right\0860.png
dataset\old_dataset\classification\train\right\0861.png
dataset\old_dataset\classification\train\right\1453.png
dataset\old_dataset\classification\train\right\1454.png","dataset\old_dataset\classification\valid\left\0288.png
dataset\old_dataset\classification\valid\left\0289.png
dataset\old_dataset\classification\valid\left\0358.png
dataset\old_dataset\classification\valid\left\0821.png
dataset\old_dataset\classification\valid\left\0870.png
dataset\old_dataset\classification\valid\right\0309.png
dataset\old_dataset\classification\valid\right\0325.png
dataset\old_dataset\classification\valid\right\0341.png
dataset\old_dataset\classification\valid\right\0859.png
dataset\old_dataset\classification\valid\right\0862.png","dataset\old_dataset\classification\test\right\0243.png
dataset\old_dataset\classification\test\right\0326.png
dataset\old_dataset\classification\test\right\0327.png
dataset\old_dataset\classification\test\right\0343.png
dataset\old_dataset\classification\test\right\0381.png","Y:\250428\250428_FIY0713_L_1_HD_1\png\250428_FIY0713_L_1_HD_1_M0.png
Y:\250428\250428_FIY0713_L_2_HD_1\png\250428_FIY0713_L_2_HD_1_M0.png
Y:\250428\250428_FIY0713_L_HD_1\png\250428_FIY0713_L_HD_1_M0.png
Y:\250428\250428_FIY0713_R_1_HD_1\png\250428_FIY0713_R_1_HD_1_M0.png
Y:\250428\250428_FIY0713_R_2_HD_1\png\250428_FIY0713_R_2_HD_1_M0.png
Y:\250428\250428_FIY0713_R_HD_1\png\250428_FIY0713_R_HD_1_M0.png
Y:\250519\250519_FIY0713_L_1_HD_2\png\250519_FIY0713_L_1_HD_2_M0.png
Y:\250519\250519_FIY0713_L_2_HD_2\png\250519_FIY0713_L_2_HD_2_M0.png
Y:\250519\250519_FIY0713_L_HD_2\png\250519_FIY0713_L_HD_2_M0.png
Y:\250519\250519_FIY0713_R_1_HD_2\png\250519_FIY0713_R_1_HD_2_M0.png
Y:\250519\250519_FIY0713_R_2_HD_2\png\250519_FIY0713_R_2_HD_2_M0.png
Y:\250519\250519_FIY0713_R_HD_2\png\250519_FIY0713_R_HD_2_M0.png
Y:\250520\250520_FIY0713_L_1_HD_1\png\250520_FIY0713_L_1_HD_1_M0.png
Y:\250520\250520_FIY0713_L_2_HD_1\png\250520_FIY0713_L_2_HD_1_M0.png
Y:\250520\250520_FIY0713_R_1_HD_1\png\250520_FIY0713_R_1_HD_1_M0.png
Y:\250520\250520_FIY0713_R_2_HD_1\png\250520_FIY0713_R_2_HD_1_M0.png
Y:\250520\250520_FIY0713_R_HD_1\png\250520_FIY0713_R_HD_1_M0.png
Y:\250522\250522_FIY0713_R_1_HD_1\png\250522_FIY0713_R_1_HD_1_M0.png
Y:\250522\250522_FIY0713_R_2_HD_1\png\250522_FIY0713_R_2_HD_1_M0.png
Y:\250522\250522_FIY0713_R_3_HD_1\png\250522_FIY0713_R_3_HD_1_M0.png
Y:\250522\250522_FIY0713_R_4_HD_1\png\250522_FIY0713_R_4_HD_1_M0.png
Y:\250522\250522_FIY0713_R_5_HD_1\png\250522_FIY0713_R_5_HD_1_M0.png
Y:\250522\250522_FIY0713_R_HD_1\png\250522_FIY0713_R_HD_1_M0.png
Y:\250523\250523_FIY0713_L_1_HD_1\png\250523_FIY0713_L_1_HD_1_M0.png
Y:\250523\250523_FIY0713_L_2_HD_1\png\250523_FIY0713_L_2_HD_1_M0.png
Y:\250523\250523_FIY0713_L_HD_1\png\250523_FIY0713_L_HD_1_M0.png
Y:\250523\250523_FIY0713_R_1_HD_1\png\250523_FIY0713_R_1_HD_1_M0.png
Y:\250523\250523_FIY0713_R_2_HD_1\png\250523_FIY0713_R_2_HD_1_M0.png
Y:\250526\250526_FIY0713_L_1_HD_1\png\250526_FIY0713_L_1_HD_1_M0.png
Y:\250526\250526_FIY0713_L_HD_1\png\250526_FIY0713_L_HD_1_M0.png
Y:\250526\250526_FIY0713_R_1_HD_1\png\250526_FIY0713_R_1_HD_1_M0.png
Y:\250526\250526_FIY0713_R_2_HD_1\png\250526_FIY0713_R_2_HD_1_M0.png
Y:\250526\250526_FIY0713_R_HD_1\png\250526_FIY0713_R_HD_1_M0.png
Y:\250527\after_5mW\250527_FIY0713_R_1_HD_1\png\250527_FIY0713_R_1_HD_1_M0.png
Y:\250527\after_5mW\250527_FIY0713_R_2_HD_1\png\250527_FIY0713_R_2_HD_1_M0.png
Y:\250527\after_5mW\250527_FIY0713_R_HD_1\png\250527_FIY0713_R_HD_1_M0.png
Y:\250527\before_2_5mW\250527_FIY0713_L_2_HD_1\png\250527_FIY0713_L_2_HD_1_M0.png
Y:\250527\before_2_5mW\250527_FIY0713_R_1_HD_1\png\250527_FIY0713_R_1_HD_1_M0.png
Y:\250527\before_2_5mW\250527_FIY0713_R_2_HD_1\png\250527_FIY0713_R_2_HD_1_M0.png
Y:\250527\before_2_5mW\250527_FIY0713_R_HD_1\png\250527_FIY0713_R_HD_1_M0.png
Y:\250528\250528_FIY0713_L_1_HD_1\png\250528_FIY0713_L_1_HD_1_M0.png
Y:\250528\250528_FIY0713_L_HD_1\png\250528_FIY0713_L_HD_1_M0.png
Y:\250528\250528_FIY0713_R_HD_1\png\250528_FIY0713_R_HD_1_M0.png
Y:\250604\250604_FIY0713_L_1_HD_1\png\250604_FIY0713_L_1_HD_1_M0.png
Y:\250604\250604_FIY0713_L_2_HD_1\png\250604_FIY0713_L_2_HD_1_M0.png
Y:\250604\250604_FIY0713_L_HD_1\png\250604_FIY0713_L_HD_1_M0.png
Y:\250604\250604_FIY0713_R_2_HD_1\png\250604_FIY0713_R_2_HD_1_M0.png
Y:\250604\250604_FIY0713_R_HD_1\png\250604_FIY0713_R_HD_1_M0.png
Y:\250606\250606_FIY0713_L_1_HD_4\png\250606_FIY0713_L_1_HD_4_M0.png
Y:\250606\250606_FIY0713_L_HD_4\png\250606_FIY0713_L_HD_4_M0.png
Y:\250606\250606_FIY0713_R_1_HD_4\png\250606_FIY0713_R_1_HD_4_M0.png
Y:\250606\250606_FIY0713_R_2_HD_4\png\250606_FIY0713_R_2_HD_4_M0.png
Y:\250606\250606_FIY0713_R_HD_4\png\250606_FIY0713_R_HD_4_M0.png
Y:\250612\250612_FIY0713_L_2_HD_1\png\250612_FIY0713_L_2_HD_1_M0.png
Y:\250612\250612_FIY0713_L_3_HD_1\png\250612_FIY0713_L_3_HD_1_M0.png
Y:\250619\250619_FIY0713_L_1_HD_1\png\250619_FIY0713_L_1_HD_1_M0.png
Y:\250619\250619_FIY0713_L_2_HD_1\png\250619_FIY0713_L_2_HD_1_M0.png
Y:\250619\250619_FIY0713_L_3_HD_1\png\250619_FIY0713_L_3_HD_1_M0.png
Y:\250619\250619_FIY0713_L_4_HD_1\png\250619_FIY0713_L_4_HD_1_M0.png
Y:\250619\250619_FIY0713_L_5_HD_1\png\250619_FIY0713_L_5_HD_1_M0.png
Y:\250619\250619_FIY0713_L_HD_1\png\250619_FIY0713_L_HD_1_M0.png
Y:\251021_7s\251021_FIY0713_L_1_HD_1\png\251021_FIY0713_L_1_HD_1_M0.png
Y:\251021_7s\251021_FIY0713_L_HD_1\png\251021_FIY0713_L_HD_1_M0.png","Y:\250523\250523_FIY0713_R_3_HD_1\png\250523_FIY0713_R_3_HD_1_M0.png
Y:\250523\250523_FIY0713_R_HD_1\png\250523_FIY0713_R_HD_1_M0.png
Y:\250526\250526_FIY0713_L_2_HD_1\png\250526_FIY0713_L_2_HD_1_M0.png
Y:\250527\after_5mW\250527_FIY0713_R_3_HD_1\png\250527_FIY0713_R_3_HD_1_M0.png
Y:\250527\before_2_5mW\250527_FIY0713_L_1_HD_1\png\250527_FIY0713_L_1_HD_1_M0.png
Y:\250528\250528_FIY0713_R_1_HD_1\png\250528_FIY0713_R_1_HD_1_M0.png
Y:\250604\250604_FIY0713_R_1_HD_1\png\250604_FIY0713_R_1_HD_1_M0.png
Y:\250612\250612_FIY0713_L_1_HD_1\png\250612_FIY0713_L_1_HD_1_M0.png
Y:\250612\250612_FIY0713_L_HD_1\png\250612_FIY0713_L_HD_1_M0.png
Y:\250620\250620_FIY0713_R_8_HD_2\png\250620_FIY0713_R_8_HD_2_M0.png","Y:\250520\250520_FIY0713_L_HD_1\png\250520_FIY0713_L_HD_1_M0.png
Y:\250527\after_5mW\250527_FIY0713_R_4_HD_1\png\250527_FIY0713_R_4_HD_1_M0.png
Y:\250527\after_5mW\250527_FIY0713_R_5_HD_1\png\250527_FIY0713_R_5_HD_1_M0.png
Y:\250527\before_2_5mW\250527_FIY0713_L_HD_1\png\250527_FIY0713_L_HD_1_M0.png
Y:\250606\250606_FIY0713_L_2_HD_4\png\250606_FIY0713_L_2_HD_4_M0.png"
FOY,possible_overlap,train+valid+test,,"dataset\old_dataset\classification\train\left\0520.png
dataset\old_dataset\classification\train\left\0521.png
dataset\old_dataset\classification\train\right\0518.png
dataset\old_dataset\classification\train\right\0519.png",dataset\old_dataset\classification\valid\left\0522.png,dataset\old_dataset\classification\test\right\0517.png,"Y:\250709\FOY\250709_FOY_L_2_HD_2\png\250709_FOY_L_2_HD_2_M0.png
Y:\250709\FOY\250709_FOY_L_HD_3\png\250709_FOY_L_HD_3_M0.png
Y:\250709\FOY\250709_FOY_R_1_HD_2\png\250709_FOY_R_1_HD_2_M0.png
Y:\250709\FOY\250709_FOY_R_2_HD_2\png\250709_FOY_R_2_HD_2_M0.png",Y:\250709\FOY\250709_FOY_R_HD_2\png\250709_FOY_R_HD_2_M0.png,Y:\250709\FOY\250709_FOY_L_1_HD_2\png\250709_FOY_L_1_HD_2_M0.png
GEE,possible_overlap,train+valid+test,,"dataset\old_dataset\classification\train\left\0687.png
dataset\old_dataset\classification\train\left\0688.png
dataset\old_dataset\classification\train\left\0689.png
dataset\old_dataset\classification\train\left\0691.png
dataset\old_dataset\classification\train\left\0984.png
dataset\old_dataset\classification\train\left\0985.png
dataset\old_dataset\classification\train\right\0684.png
dataset\old_dataset\classification\train\right\0685.png
dataset\old_dataset\classification\train\right\0686.png
dataset\old_dataset\classification\train\right\0980.png
dataset\old_dataset\classification\train\right\0981.png","dataset\old_dataset\classification\valid\left\0690.png
dataset\old_dataset\classification\valid\left\0982.png
dataset\old_dataset\classification\valid\left\0986.png","dataset\old_dataset\classification\test\left\0983.png
dataset\old_dataset\classification\test\right\0979.png","Y:\250909\250909_GEE_L_1_HD_1\png\250909_GEE_L_1_HD_1_M0.png
Y:\250909\250909_GEE_L_1_HD_2\png\250909_GEE_L_1_HD_2_M0.png
Y:\250909\250909_GEE_L_2_HD_1\png\250909_GEE_L_2_HD_1_M0.png
Y:\250909\250909_GEE_L_2_HD_2\png\250909_GEE_L_2_HD_2_M0.png
Y:\250909\250909_GEE_L_HD_1\png\250909_GEE_L_HD_1_M0.png
Y:\250909\250909_GEE_L_HD_2\png\250909_GEE_L_HD_2_M0.png
Y:\250909\250909_GEE_R_1_HD_1\png\250909_GEE_R_1_HD_1_M0.png
Y:\250909\250909_GEE_R_1_HD_2\png\250909_GEE_R_1_HD_2_M0.png
Y:\250909\250909_GEE_R_2_HD_1\png\250909_GEE_R_2_HD_1_M0.png
Y:\250909\250909_GEE_R_2_HD_2\png\250909_GEE_R_2_HD_2_M0.png
Y:\250909\250909_GEE_R_3_HD_1\png\250909_GEE_R_3_HD_1_M0.png
Y:\250909\250909_GEE_R_3_HD_2\png\250909_GEE_R_3_HD_2_M0.png
Y:\250909\250909_GEE_R_4_HD_1\png\250909_GEE_R_4_HD_1_M0.png
Y:\250909\250909_GEE_R_4_HD_2\png\250909_GEE_R_4_HD_2_M0.png
Y:\250909\250909_GEE_R_HD_1\png\250909_GEE_R_HD_1_M0.png
Y:\250909\250909_GEE_R_HD_2\png\250909_GEE_R_HD_2_M0.png","Y:\250909\250909_GEE_R_1_HD_1\png\250909_GEE_R_1_HD_1_M0.png
Y:\250909\250909_GEE_R_1_HD_2\png\250909_GEE_R_1_HD_2_M0.png
Y:\250909\250909_GEE_R_4_HD_1\png\250909_GEE_R_4_HD_1_M0.png
Y:\250909\250909_GEE_R_4_HD_2\png\250909_GEE_R_4_HD_2_M0.png
Y:\250909\250909_GEE_R_HD_1\png\250909_GEE_R_HD_1_M0.png
Y:\250909\250909_GEE_R_HD_2\png\250909_GEE_R_HD_2_M0.png","Y:\250909\250909_GEE_L_1_HD_1\png\250909_GEE_L_1_HD_1_M0.png
Y:\250909\250909_GEE_L_1_HD_2\png\250909_GEE_L_1_HD_2_M0.png
Y:\250909\250909_GEE_R_2_HD_1\png\250909_GEE_R_2_HD_1_M0.png
Y:\250909\250909_GEE_R_2_HD_2\png\250909_GEE_R_2_HD_2_M0.png"
GEN,possible_overlap,train+valid+test,,"dataset\old_dataset\classification\train\left\0695.png
dataset\old_dataset\classification\train\left\0697.png
dataset\old_dataset\classification\train\left\0990.png
dataset\old_dataset\classification\train\left\0992.png
dataset\old_dataset\classification\train\right\0692.png
dataset\old_dataset\classification\train\right\0693.png
dataset\old_dataset\classification\train\right\0694.png
dataset\old_dataset\classification\train\right\0987.png
dataset\old_dataset\classification\train\right\0989.png","dataset\old_dataset\classification\valid\left\0696.png
dataset\old_dataset\classification\valid\left\0991.png",dataset\old_dataset\classification\test\right\0988.png,"Y:\250909\250909_GEN_L_1_HD_1\png\250909_GEN_L_1_HD_1_M0.png
Y:\250909\250909_GEN_L_1_HD_2\png\250909_GEN_L_1_HD_2_M0.png
Y:\250909\250909_GEN_L_2_HD_1\png\250909_GEN_L_2_HD_1_M0.png
Y:\250909\250909_GEN_L_2_HD_2\png\250909_GEN_L_2_HD_2_M0.png
Y:\250909\250909_GEN_L_HD_1\png\250909_GEN_L_HD_1_M0.png
Y:\250909\250909_GEN_L_HD_2\png\250909_GEN_L_HD_2_M0.png
Y:\250909\250909_GEN_R_1_HD_1\png\250909_GEN_R_1_HD_1_M0.png
Y:\250909\250909_GEN_R_1_HD_2\png\250909_GEN_R_1_HD_2_M0.png
Y:\250909\250909_GEN_R_HD_1\png\250909_GEN_R_HD_1_M0.png
Y:\250909\250909_GEN_R_HD_2\png\250909_GEN_R_HD_2_M0.png","Y:\250909\250909_GEN_R_2_HD_1\png\250909_GEN_R_2_HD_1_M0.png
Y:\250909\250909_GEN_R_2_HD_2\png\250909_GEN_R_2_HD_2_M0.png","Y:\250909\250909_GEN_L_2_HD_1\png\250909_GEN_L_2_HD_1_M0.png
Y:\250909\250909_GEN_L_2_HD_2\png\250909_GEN_L_2_HD_2_M0.png"
GEP,possible_overlap,train+valid,,"dataset\old_dataset\classification\train\left\1029.png
dataset\old_dataset\classification\train\left\1030.png
dataset\old_dataset\classification\train\left\1031.png
dataset\old_dataset\classification\train\right\0590.png
dataset\old_dataset\classification\train\right\0591.png
dataset\old_dataset\classification\train\right\0592.png
dataset\old_dataset\classification\train\right\1026.png
dataset\old_dataset\classification\train\right\1028.png",dataset\old_dataset\classification\valid\right\1027.png,,"Y:\250806\250806_GEP_L_1_HD_1\png\250806_GEP_L_1_HD_1_M0.png
Y:\250806\250806_GEP_L_2_HD_1\png\250806_GEP_L_2_HD_1_M0.png
Y:\250806\250806_GEP_L_HD_1\png\250806_GEP_L_HD_1_M0.png
Y:\250911\250911_GEP_L_1_HD_2\png\250911_GEP_L_1_HD_2_M0.png
Y:\250911\250911_GEP_L_HD_2\png\250911_GEP_L_HD_2_M0.png
Y:\250911\250911_GEP_R_1_HD_2\png\250911_GEP_R_1_HD_2_M0.png
Y:\250911\250911_GEP_R_2_HD_2\png\250911_GEP_R_2_HD_2_M0.png
Y:\250911\250911_GEP_R_HD_2\png\250911_GEP_R_HD_2_M0.png",Y:\250911\250911_GEP_L_2_HD_2\png\250911_GEP_L_2_HD_2_M0.png,
GHW,possible_overlap,train+valid,,"dataset\old_dataset\classification\train\left\0665.png
dataset\old_dataset\classification\train\left\0666.png
dataset\old_dataset\classification\train\left\0960.png
dataset\old_dataset\classification\train\left\0961.png","dataset\old_dataset\classification\valid\left\0667.png
dataset\old_dataset\classification\valid\left\0962.png",,"Y:\250905\250905_GHW_R_1_HD_1\png\250905_GHW_R_1_HD_1_M0.png
Y:\250905\250905_GHW_R_1_HD_2\png\250905_GHW_R_1_HD_2_M0.png
Y:\250905\250905_GHW_R_2_HD_3\png\250905_GHW_R_2_HD_3_M0.png
Y:\250905\250905_GHW_R_2_HD_4\png\250905_GHW_R_2_HD_4_M0.png","Y:\250905\250905_GHW_R_HD_1\png\250905_GHW_R_HD_1_M0.png
Y:\250905\250905_GHW_R_HD_2\png\250905_GHW_R_HD_2_M0.png",
GIC,possible_overlap,train+test,,"dataset\old_dataset\classification\train\left\1519.png
dataset\old_dataset\classification\train\left\1520.png
dataset\old_dataset\classification\train\left\1521.png
dataset\old_dataset\classification\train\right\1517.png
dataset\old_dataset\classification\train\right\1518.png",,"dataset\old_dataset\classification\test\right\1515.png
dataset\old_dataset\classification\test\right\1516.png","Y:\251104\251104_GIC_L_3_HD_1\png\251104_GIC_L_3_HD_1_M0.png
Y:\251104\251104_GIC_L_4_HD_1\png\251104_GIC_L_4_HD_1_M0.png
Y:\251104\251104_GIC_R_1_HD_1\png\251104_GIC_R_1_HD_1_M0.png
Y:\251104\251104_GIC_R_2_HD_1\png\251104_GIC_R_2_HD_1_M0.png
Y:\251104\251104_GIC_R_HD_1\png\251104_GIC_R_HD_1_M0.png",,"Y:\251104\251104_GIC_L_1_HD_1\png\251104_GIC_L_1_HD_1_M0.png
Y:\251104\251104_GIC_L_2_HD_1\png\251104_GIC_L_2_HD_1_M0.png"
GIE,possible_overlap,train+test,,"dataset\old_dataset\classification\train\left\0541.png
dataset\old_dataset\classification\train\left\0542.png
dataset\old_dataset\classification\train\left\0543.png
dataset\old_dataset\classification\train\right\0539.png
dataset\old_dataset\classification\train\right\0540.png",,dataset\old_dataset\classification\test\right\0538.png,"Y:\250716\250716_GIE\250716_GIE_L_2_HD_1\png\250716_GIE_L_2_HD_1_M0.png
Y:\250716\250716_GIE\250716_GIE_L_HD_1\png\250716_GIE_L_HD_1_M0.png
Y:\250716\250716_GIE\250716_GIE_R_1_HD_1\png\250716_GIE_R_1_HD_1_M0.png
Y:\250716\250716_GIE\250716_GIE_R_2_HD_1\png\250716_GIE_R_2_HD_1_M0.png
Y:\250716\250716_GIE\250716_GIE_R_HD_1\png\250716_GIE_R_HD_1_M0.png",,Y:\250716\250716_GIE\250716_GIE_L_1_HD_1\png\250716_GIE_L_1_HD_1_M0.png
GIP,possible_overlap,train+valid+test,,"dataset\old_dataset\classification\train\left\1473.png
dataset\old_dataset\classification\train\left\1474.png
dataset\old_dataset\classification\train\right\1469.png
dataset\old_dataset\classification\train\right\1472.png",dataset\old_dataset\classification\valid\right\1470.png,"dataset\old_dataset\classification\test\left\1475.png
dataset\old_dataset\classification\test\right\1471.png","Y:\251028\251028_GIP_L_1_HD_1\png\251028_GIP_L_1_HD_1_M0.png
Y:\251028\251028_GIP_L_HD_1\png\251028_GIP_L_HD_1_M0.png
Y:\251028\251028_GIP_R_1_HD_1\png\251028_GIP_R_1_HD_1_M0.png
Y:\251028\251028_GIP_R_2_HD_1\png\251028_GIP_R_2_HD_1_M0.png",Y:\251028\251028_GIP_L_2_HD_1\png\251028_GIP_L_2_HD_1_M0.png,"Y:\251028\251028_GIP_L_3_HD_1\png\251028_GIP_L_3_HD_1_M0.png
Y:\251028\251028_GIP_R_3_HD_1\png\251028_GIP_R_3_HD_1_M0.png"
GOM,possible_overlap,train+valid,,"dataset\old_dataset\classification\train\left\1238.png
dataset\old_dataset\classification\train\left\1239.png
dataset\old_dataset\classification\train\right\1232.png
dataset\old_dataset\classification\train\right\1233.png
dataset\old_dataset\classification\train\right\1235.png","dataset\old_dataset\classification\valid\left\1236.png
dataset\old_dataset\classification\valid\left\1237.png
dataset\old_dataset\classification\valid\right\1234.png",,"Y:\251001\251001_GOM_L_1_HD_1\png\251001_GOM_L_1_HD_1_M0.png
Y:\251001\251001_GOM_L_2_HD_1\png\251001_GOM_L_2_HD_1_M0.png
Y:\251001\251001_GOM_L_HD_1\png\251001_GOM_L_HD_1_M0.png
Y:\251001\251001_GOM_R_3_HD_1\png\251001_GOM_R_3_HD_1_M0.png
Y:\251001\251001_GOM_R_HD_1\png\251001_GOM_R_HD_1_M0.png","Y:\251001\251001_GOM_L_3_HD_1\png\251001_GOM_L_3_HD_1_M0.png
Y:\251001\251001_GOM_R_1_HD_1\png\251001_GOM_R_1_HD_1_M0.png
Y:\251001\251001_GOM_R_2_HD_1\png\251001_GOM_R_2_HD_1_M0.png",
GUE,possible_overlap,train+valid+test,,dataset\old_dataset\classification\train\left\1482.png,dataset\old_dataset\classification\valid\left\1481.png,"dataset\old_dataset\classification\test\left\1480.png
dataset\old_dataset\classification\test\left\1483.png",Y:\251028\251028_GUE_R_3_HD_1\png\251028_GUE_R_3_HD_1_M0.png,Y:\251028\251028_GUE_R_2_HD_1\png\251028_GUE_R_2_HD_1_M0.png,"Y:\251028\251028_GUE_R_1_HD_1\png\251028_GUE_R_1_HD_1_M0.png
Y:\251028\251028_GUE_R_HD_1\png\251028_GUE_R_HD_1_M0.png"
GUJ,possible_overlap,train+valid+test,,"dataset\old_dataset\classification\train\left\0031.png
dataset\old_dataset\classification\train\left\0032.png
dataset\old_dataset\classification\train\left\0033.png
dataset\old_dataset\classification\train\left\0035.png
dataset\old_dataset\classification\train\left\0105.png
dataset\old_dataset\classification\train\left\0106.png
dataset\old_dataset\classification\train\left\0108.png
dataset\old_dataset\classification\train\left\0142.png
dataset\old_dataset\classification\train\left\0143.png
dataset\old_dataset\classification\train\left\0144.png
dataset\old_dataset\classification\train\left\0178.png
dataset\old_dataset\classification\train\left\0179.png
dataset\old_dataset\classification\train\left\0180.png
dataset\old_dataset\classification\train\left\0293.png
dataset\old_dataset\classification\train\left\0334.png
dataset\old_dataset\classification\train\left\0389.png
dataset\old_dataset\classification\train\left\0390.png
dataset\old_dataset\classification\train\left\0391.png
dataset\old_dataset\classification\train\left\0827.png
dataset\old_dataset\classification\train\left\0829.png
dataset\old_dataset\classification\train\left\1576.png
dataset\old_dataset\classification\train\right\0028.png
dataset\old_dataset\classification\train\right\0029.png
dataset\old_dataset\classification\train\right\0030.png
dataset\old_dataset\classification\train\right\0103.png
dataset\old_dataset\classification\train\right\0104.png
dataset\old_dataset\classification\train\right\0138.png
dataset\old_dataset\classification\train\right\0139.png
dataset\old_dataset\classification\train\right\0140.png
dataset\old_dataset\classification\train\right\0141.png
dataset\old_dataset\classification\train\right\0175.png
dataset\old_dataset\classification\train\right\0176.png
dataset\old_dataset\classification\train\right\0177.png
dataset\old_dataset\classification\train\right\0190.png
dataset\old_dataset\classification\train\right\0191.png
dataset\old_dataset\classification\train\right\0192.png
dataset\old_dataset\classification\train\right\0292.png
dataset\old_dataset\classification\train\right\0329.png
dataset\old_dataset\classification\train\right\0330.png
dataset\old_dataset\classification\train\right\0386.png
dataset\old_dataset\classification\train\right\0388.png
dataset\old_dataset\classification\train\right\0824.png
dataset\old_dataset\classification\train\right\0826.png
dataset\old_dataset\classification\train\right\1575.png","dataset\old_dataset\classification\valid\left\0034.png
dataset\old_dataset\classification\valid\left\0107.png
dataset\old_dataset\classification\valid\left\0333.png
dataset\old_dataset\classification\valid\right\0290.png
dataset\old_dataset\classification\valid\right\0291.png
dataset\old_dataset\classification\valid\right\0331.png
dataset\old_dataset\classification\valid\right\0347.png
dataset\old_dataset\classification\valid\right\0387.png
dataset\old_dataset\classification\valid\right\0825.png","dataset\old_dataset\classification\test\left\0294.png
dataset\old_dataset\classification\test\left\0295.png
dataset\old_dataset\classification\test\left\0332.png
dataset\old_dataset\classification\test\left\0828.png","Y:\250428\250428_GUJ_L_1_HD_1\png\250428_GUJ_L_1_HD_1_M0.png
Y:\250428\250428_GUJ_L_2_HD_1\png\250428_GUJ_L_2_HD_1_M0.png
Y:\250428\250428_GUJ_L_HD_1\png\250428_GUJ_L_HD_1_M0.png
Y:\250428\250428_GUJ_R_1_HD_1\png\250428_GUJ_R_1_HD_1_M0.png
Y:\250428\250428_GUJ_R_2_HD_1\png\250428_GUJ_R_2_HD_1_M0.png
Y:\250428\250428_GUJ_R_3_HD_1\png\250428_GUJ_R_3_HD_1_M0.png
Y:\250428\250428_GUJ_R_HD_1\png\250428_GUJ_R_HD_1_M0.png
Y:\250507\250507_GUJ_L_1_HD_1\png\250507_GUJ_L_1_HD_1_M0.png
Y:\250507\250507_GUJ_L_2_HD_1\png\250507_GUJ_L_2_HD_1_M0.png
Y:\250507\250507_GUJ_R_1_HD_1\png\250507_GUJ_R_1_HD_1_M0.png
Y:\250507\250507_GUJ_R_2_HD_1\png\250507_GUJ_R_2_HD_1_M0.png
Y:\250507\250507_GUJ_R_HD_1\png\250507_GUJ_R_HD_1_M0.png
Y:\250509\250509_GUJ_L_1_HD_1\png\250509_GUJ_L_1_HD_1_M0.png
Y:\250509\250509_GUJ_L_2_HD_1\png\250509_GUJ_L_2_HD_1_M0.png
Y:\250509\250509_GUJ_L_3_HD_1\png\250509_GUJ_L_3_HD_1_M0.png
Y:\250509\250509_GUJ_L_HD_1\png\250509_GUJ_L_HD_1_M0.png
Y:\250509\250509_GUJ_R_1_HD_1\png\250509_GUJ_R_1_HD_1_M0.png
Y:\250509\250509_GUJ_R_2_HD_1\png\250509_GUJ_R_2_HD_1_M0.png
Y:\250509\250509_GUJ_R_HD_1\png\250509_GUJ_R_HD_1_M0.png
Y:\250512\250512_GUJ_L_1_HD_1\png\250512_GUJ_L_1_HD_1_M0.png
Y:\250512\250512_GUJ_L_2_HD_1\png\250512_GUJ_L_2_HD_1_M0.png
Y:\250512\250512_GUJ_L_HD_1\png\250512_GUJ_L_HD_1_M0.png
Y:\250512\250512_GUJ_R_1_HD_1\png\250512_GUJ_R_1_HD_1_M0.png
Y:\250512\250512_GUJ_R_2_HD_1\png\250512_GUJ_R_2_HD_1_M0.png
Y:\250512\250512_GUJ_R_HD_1\png\250512_GUJ_R_HD_1_M0.png
Y:\250514\250514_GUJ_L_1_HD_1\png\250514_GUJ_L_1_HD_1_M0.png
Y:\250514\250514_GUJ_L_2_HD_1\png\250514_GUJ_L_2_HD_1_M0.png
Y:\250514\250514_GUJ_L_HD_1\png\250514_GUJ_L_HD_1_M0.png
Y:\250523\250523_GUJ_L_HD_1\png\250523_GUJ_L_HD_1_M0.png
Y:\250523\250523_GUJ_R_1_HD_1\png\250523_GUJ_R_1_HD_1_M0.png
Y:\250527\after_5mW\250527_GUJ_L_1_HD_2\png\250527_GUJ_L_1_HD_2_M0.png
Y:\250527\after_5mW\250527_GUJ_L_2_HD_2\png\250527_GUJ_L_2_HD_2_M0.png
Y:\250527\after_5mW\250527_GUJ_R_HD_1\png\250527_GUJ_R_HD_1_M0.png
Y:\250604\250604_GUJ_L_1_HD_1\png\250604_GUJ_L_1_HD_1_M0.png
Y:\250604\250604_GUJ_L_HD_1\png\250604_GUJ_L_HD_1_M0.png
Y:\250604\250604_GUJ_R_1_HD_1\png\250604_GUJ_R_1_HD_1_M0.png
Y:\250604\250604_GUJ_R_HD_1\png\250604_GUJ_R_HD_1_M0.png
Y:\250606\250606_GUJ_L_1_HD_4\png\250606_GUJ_L_1_HD_4_M0.png
Y:\250606\250606_GUJ_L_HD_4\png\250606_GUJ_L_HD_4_M0.png
Y:\250606\250606_GUJ_R_1_HD_4\png\250606_GUJ_R_1_HD_4_M0.png
Y:\250606\250606_GUJ_R_2_HD_4\png\250606_GUJ_R_2_HD_4_M0.png
Y:\250606\250606_GUJ_R_HD_4\png\250606_GUJ_R_HD_4_M0.png
Y:\251113\251113_GUJ_L_HD_2\png\251113_GUJ_L_HD_2_M0.png
Y:\251113\251113_GUJ_R_HD_1\png\251113_GUJ_R_HD_1_M0.png","Y:\250428\250428_GUJ_R_4_HD_1\png\250428_GUJ_R_4_HD_1_M0.png
Y:\250507\250507_GUJ_R_3_HD_1\png\250507_GUJ_R_3_HD_1_M0.png
Y:\250523\250523_GUJ_L_1_HD_1\png\250523_GUJ_L_1_HD_1_M0.png
Y:\250523\250523_GUJ_L_2_HD_1\png\250523_GUJ_L_2_HD_1_M0.png
Y:\250527\after_5mW\250527_GUJ_L_HD_4\png\250527_GUJ_L_HD_4_M0.png
Y:\250527\after_5mW\250527_GUJ_R_2_HD_2\png\250527_GUJ_R_2_HD_2_M0.png
Y:\250527\before_2_5mW\250527_GUJ_L_HD_1\png\250527_GUJ_L_HD_1_M0.png
Y:\250604\250604_GUJ_L_2_HD_1\png\250604_GUJ_L_2_HD_1_M0.png
Y:\250606\250606_GUJ_L_2_HD_4\png\250606_GUJ_L_2_HD_4_M0.png","Y:\250523\250523_GUJ_R_2_HD_1\png\250523_GUJ_R_2_HD_1_M0.png
Y:\250523\250523_GUJ_R_HD_1\png\250523_GUJ_R_HD_1_M0.png
Y:\250527\after_5mW\250527_GUJ_R_1_HD_2\png\250527_GUJ_R_1_HD_2_M0.png
Y:\250604\250604_GUJ_R_2_HD_1\png\250604_GUJ_R_2_HD_1_M0.png"
HAD,possible_overlap,train+test,,dataset\old_dataset\classification\train\right\1158.png,,dataset\old_dataset\classification\test\right\1159.png,Y:\250919\250919_HAD_L_1_HD_1\png\250919_HAD_L_1_HD_1_M0.png,,Y:\250919\250919_HAD_L_HD_1\png\250919_HAD_L_HD_1_M0.png
HEM,possible_overlap,train+valid+test,,"dataset\old_dataset\classification\train\left\1245.png
dataset\old_dataset\classification\train\right\1240.png
dataset\old_dataset\classification\train\right\1242.png",dataset\old_dataset\classification\valid\left\1246.png,"dataset\old_dataset\classification\test\left\1244.png
dataset\old_dataset\classification\test\right\1241.png
dataset\old_dataset\classification\test\right\1243.png","Y:\251001\251001_HEM_L_1_HD_1\png\251001_HEM_L_1_HD_1_M0.png
Y:\251001\251001_HEM_L_3_HD_1\png\251001_HEM_L_3_HD_1_M0.png
Y:\251001\251001_HEM_R_2_HD_1\png\251001_HEM_R_2_HD_1_M0.png",Y:\251001\251001_HEM_R_HD_1\png\251001_HEM_R_HD_1_M0.png,"Y:\251001\251001_HEM_L_2_HD_1\png\251001_HEM_L_2_HD_1_M0.png
Y:\251001\251001_HEM_L_HD_1\png\251001_HEM_L_HD_1_M0.png
Y:\251001\251001_HEM_R_1_HD_1\png\251001_HEM_R_1_HD_1_M0.png"
HUH,possible_overlap,train+valid+test,,"dataset\old_dataset\classification\train\left\0659.png
dataset\old_dataset\classification\train\left\0660.png
dataset\old_dataset\classification\train\left\0661.png
dataset\old_dataset\classification\train\left\0954.png
dataset\old_dataset\classification\train\right\0656.png
dataset\old_dataset\classification\train\right\0657.png
dataset\old_dataset\classification\train\right\0951.png
dataset\old_dataset\classification\train\right\0952.png
dataset\old_dataset\classification\train\right\0953.png","dataset\old_dataset\classification\valid\left\0956.png
dataset\old_dataset\classification\valid\right\0658.png",dataset\old_dataset\classification\test\left\0955.png,"Y:\250904\250904_HUH_L_1_HD_1\png\250904_HUH_L_1_HD_1_M0.png
Y:\250904\250904_HUH_L_1_HD_2\png\250904_HUH_L_1_HD_2_M0.png
Y:\250904\250904_HUH_L_2_HD_1\png\250904_HUH_L_2_HD_1_M0.png
Y:\250904\250904_HUH_L_2_HD_2\png\250904_HUH_L_2_HD_2_M0.png
Y:\250904\250904_HUH_L_HD_1\png\250904_HUH_L_HD_1_M0.png
Y:\250904\250904_HUH_L_HD_2\png\250904_HUH_L_HD_2_M0.png
Y:\250904\250904_HUH_R_1_HD_1\png\250904_HUH_R_1_HD_1_M0.png
Y:\250904\250904_HUH_R_1_HD_2\png\250904_HUH_R_1_HD_2_M0.png
Y:\250904\250904_HUH_R_2_HD_1\png\250904_HUH_R_2_HD_1_M0.png
Y:\250904\250904_HUH_R_2_HD_2\png\250904_HUH_R_2_HD_2_M0.png
Y:\250904\250904_HUH_R_HD_1\png\250904_HUH_R_HD_1_M0.png
Y:\250904\250904_HUH_R_HD_2\png\250904_HUH_R_HD_2_M0.png","Y:\250904\250904_HUH_L_HD_1\png\250904_HUH_L_HD_1_M0.png
Y:\250904\250904_HUH_L_HD_2\png\250904_HUH_L_HD_2_M0.png
Y:\250904\250904_HUH_R_HD_1\png\250904_HUH_R_HD_1_M0.png
Y:\250904\250904_HUH_R_HD_2\png\250904_HUH_R_HD_2_M0.png","Y:\250904\250904_HUH_R_2_HD_1\png\250904_HUH_R_2_HD_1_M0.png
Y:\250904\250904_HUH_R_2_HD_2\png\250904_HUH_R_2_HD_2_M0.png"
JAM,possible_overlap,train+valid+test,,"dataset\old_dataset\classification\train\left\1272.png
dataset\old_dataset\classification\train\right\0064.png
dataset\old_dataset\classification\train\right\1268.png
dataset\old_dataset\classification\train\right\1270.png
dataset\old_dataset\classification\train\right\1271.png","dataset\old_dataset\classification\valid\left\0066.png
dataset\old_dataset\classification\valid\left\0067.png
dataset\old_dataset\classification\valid\left\1273.png
dataset\old_dataset\classification\valid\right\1269.png","dataset\old_dataset\classification\test\left\1274.png
dataset\old_dataset\classification\test\left\1275.png
dataset\old_dataset\classification\test\right\0065.png","Y:\250430\250430_JAM_L_1_HD_1\png\250430_JAM_L_1_HD_1_M0.png
Y:\251006\251006_JAM_L_1_HD_1\png\251006_JAM_L_1_HD_1_M0.png
Y:\251006\251006_JAM_L_3_HD_1\png\251006_JAM_L_3_HD_1_M0.png
Y:\251006\251006_JAM_L_HD_1\png\251006_JAM_L_HD_1_M0.png
Y:\251006\251006_JAM_R_1_HD_1\png\251006_JAM_R_1_HD_1_M0.png","Y:\250430\250430_JAM_R_1_HD_1\png\250430_JAM_R_1_HD_1_M0.png
Y:\250430\250430_JAM_R_HD_1\png\250430_JAM_R_HD_1_M0.png
Y:\251006\251006_JAM_L_2_HD_1\png\251006_JAM_L_2_HD_1_M0.png
Y:\251006\251006_JAM_R_2_HD_1\png\251006_JAM_R_2_HD_1_M0.png","Y:\250430\250430_JAM_L_HD_1\png\250430_JAM_L_HD_1_M0.png
Y:\251006\251006_JAM_R_3_HD_1\png\251006_JAM_R_3_HD_1_M0.png
Y:\251006\251006_JAM_R_HD_1\png\251006_JAM_R_HD_1_M0.png"
JON,possible_overlap,train+test,,"dataset\old_dataset\classification\train\left\1352.png
dataset\old_dataset\classification\train\left\1353.png
dataset\old_dataset\classification\train\left\1354.png
dataset\old_dataset\classification\train\right\1349.png
dataset\old_dataset\classification\train\right\1350.png",,dataset\old_dataset\classification\test\right\1351.png,"Y:\251009\251009_JON_L_1_HD_1\png\251009_JON_L_1_HD_1_M0.png
Y:\251009\251009_JON_L_2_HD_1\png\251009_JON_L_2_HD_1_M0.png
Y:\251009\251009_JON_R_2_HD_1\png\251009_JON_R_2_HD_1_M0.png
Y:\251009\251009_JON_R_3_HD_1\png\251009_JON_R_3_HD_1_M0.png
Y:\251009\251009_JON_R_HD_1\png\251009_JON_R_HD_1_M0.png",,Y:\251009\251009_JON_L_HD_1\png\251009_JON_L_HD_1_M0.png
KUG,possible_overlap,train+valid+test,,"dataset\old_dataset\classification\train\left\1035.png
dataset\old_dataset\classification\train\left\1036.png
dataset\old_dataset\classification\train\left\1037.png
dataset\old_dataset\classification\train\left\1038.png
dataset\old_dataset\classification\train\right\1034.png",dataset\old_dataset\classification\valid\right\1033.png,dataset\old_dataset\classification\test\right\1032.png,"Y:\250911\250911_KUG_L_HD_2\png\250911_KUG_L_HD_2_M0.png
Y:\250911\250911_KUG_R_1_HD_2\png\250911_KUG_R_1_HD_2_M0.png
Y:\250911\250911_KUG_R_2_HD_2\png\250911_KUG_R_2_HD_2_M0.png
Y:\250911\250911_KUG_R_3_HD_2\png\250911_KUG_R_3_HD_2_M0.png
Y:\250911\250911_KUG_R_HD_2\png\250911_KUG_R_HD_2_M0.png",Y:\250911\250911_KUG_L_2_HD_2\png\250911_KUG_L_2_HD_2_M0.png,Y:\250911\250911_KUG_L_1_HD_2\png\250911_KUG_L_1_HD_2_M0.png
LAA,possible_overlap,train+test,,"dataset\old_dataset\classification\train\left\0400.png
dataset\old_dataset\classification\train\left\0851.png
dataset\old_dataset\classification\train\left\0852.png
dataset\old_dataset\classification\train\right\0398.png
dataset\old_dataset\classification\train\right\0399.png
dataset\old_dataset\classification\train\right\0850.png",,"dataset\old_dataset\classification\test\left\0401.png
dataset\old_dataset\classification\test\right\0849.png","Y:\250611\250611_LAA_L_1_HD_1\png\250611_LAA_L_1_HD_1_M0.png
Y:\250611\250611_LAA_L_1_HD_2\png\250611_LAA_L_1_HD_2_M0.png
Y:\250611\250611_LAA_L_HD_1\png\250611_LAA_L_HD_1_M0.png
Y:\250611\250611_LAA_L_HD_2\png\250611_LAA_L_HD_2_M0.png
Y:\250611\250611_LAA_R_1_HD_1\png\250611_LAA_R_1_HD_1_M0.png
Y:\250611\250611_LAA_R_1_HD_2\png\250611_LAA_R_1_HD_2_M0.png
Y:\250611\250611_LAA_R_HD_1\png\250611_LAA_R_HD_1_M0.png
Y:\250611\250611_LAA_R_HD_2\png\250611_LAA_R_HD_2_M0.png",,"Y:\250611\250611_LAA_L_1_HD_1\png\250611_LAA_L_1_HD_1_M0.png
Y:\250611\250611_LAA_L_1_HD_2\png\250611_LAA_L_1_HD_2_M0.png
Y:\250611\250611_LAA_R_HD_1\png\250611_LAA_R_HD_1_M0.png
Y:\250611\250611_LAA_R_HD_2\png\250611_LAA_R_HD_2_M0.png"
LAB,possible_overlap,train+valid+test,,"dataset\old_dataset\classification\train\left\1172.png
dataset\old_dataset\classification\train\left\1173.png
dataset\old_dataset\classification\train\left\1174.png
dataset\old_dataset\classification\train\left\1175.png
dataset\old_dataset\classification\train\right\1168.png
dataset\old_dataset\classification\train\right\1170.png",dataset\old_dataset\classification\valid\right\1171.png,dataset\old_dataset\classification\test\right\1169.png,"Y:\250922\250922_LAB_L_1_HD_1\png\250922_LAB_L_1_HD_1_M0.png
Y:\250922\250922_LAB_L_3_HD_1\png\250922_LAB_L_3_HD_1_M0.png
Y:\250922\250922_LAB_R_1_HD_1\png\250922_LAB_R_1_HD_1_M0.png
Y:\250922\250922_LAB_R_2_HD_1\png\250922_LAB_R_2_HD_1_M0.png
Y:\250922\250922_LAB_R_3_HD_1\png\250922_LAB_R_3_HD_1_M0.png
Y:\250922\250922_LAB_R_HD_1\png\250922_LAB_R_HD_1_M0.png",Y:\250922\250922_LAB_L_HD_1\png\250922_LAB_L_HD_1_M0.png,Y:\250922\250922_LAB_L_2_HD_1\png\250922_LAB_L_2_HD_1_M0.png
LAM,possible_overlap,train+test,,"dataset\old_dataset\classification\train\left\1142.png
dataset\old_dataset\classification\train\left\1143.png
dataset\old_dataset\classification\train\left\1407.png
dataset\old_dataset\classification\train\left\1408.png
dataset\old_dataset\classification\train\left\1409.png
dataset\old_dataset\classification\train\right\1139.png
dataset\old_dataset\classification\train\right\1140.png
dataset\old_dataset\classification\train\right\1141.png
dataset\old_dataset\classification\train\right\1404.png
dataset\old_dataset\classification\train\right\1406.png",,dataset\old_dataset\classification\test\right\1405.png,"Y:\250918\250918_LAM_L_1_HD_1\png\250918_LAM_L_1_HD_1_M0.png
Y:\250918\250918_LAM_L_2_HD_1\png\250918_LAM_L_2_HD_1_M0.png
Y:\250918\250918_LAM_L_HD_1\png\250918_LAM_L_HD_1_M0.png
Y:\250918\250918_LAM_R_1_HD_1\png\250918_LAM_R_1_HD_1_M0.png
Y:\250918\250918_LAM_R_HD_1\png\250918_LAM_R_HD_1_M0.png
Y:\251017\251017_LAM_L_1_HD_1\png\251017_LAM_L_1_HD_1_M0.png
Y:\251017\251017_LAM_L_HD_1\png\251017_LAM_L_HD_1_M0.png
Y:\251017\251017_LAM_R_1_HD_1\png\251017_LAM_R_1_HD_1_M0.png
Y:\251017\251017_LAM_R_2_HD_1\png\251017_LAM_R_2_HD_1_M0.png
Y:\251017\251017_LAM_R_HD_1\png\251017_LAM_R_HD_1_M0.png",,Y:\251017\251017_LAM_L_2_HD_1\png\251017_LAM_L_2_HD_1_M0.png
LEC0430,possible_overlap,train+valid+test,,"dataset\old_dataset\classification\train\left\0112.png
dataset\old_dataset\classification\train\left\0113.png
dataset\old_dataset\classification\train\left\0114.png
dataset\old_dataset\classification\train\left\0184.png
dataset\old_dataset\classification\train\left\0185.png
dataset\old_dataset\classification\train\left\0361.png
dataset\old_dataset\classification\train\left\0832.png
dataset\old_dataset\classification\train\left\1487.png
dataset\old_dataset\classification\train\left\1488.png
dataset\old_dataset\classification\train\left\1489.png
dataset\old_dataset\classification\train\left\1492.png
dataset\old_dataset\classification\train\left\1493.png
dataset\old_dataset\classification\train\right\0109.png
dataset\old_dataset\classification\train\right\0182.png
dataset\old_dataset\classification\train\right\0183.png
dataset\old_dataset\classification\train\right\0360.png
dataset\old_dataset\classification\train\right\0830.png
dataset\old_dataset\classification\train\right\0831.png
dataset\old_dataset\classification\train\right\1484.png
dataset\old_dataset\classification\train\right\1486.png
dataset\old_dataset\classification\train\right\1490.png
dataset\old_dataset\classification\train\right\1491.png","dataset\old_dataset\classification\valid\left\0186.png
dataset\old_dataset\classification\valid\right\0181.png
dataset\old_dataset\classification\valid\right\1485.png","dataset\old_dataset\classification\test\left\0115.png
dataset\old_dataset\classification\test\left\0833.png
dataset\old_dataset\classification\test\right\0110.png
dataset\old_dataset\classification\test\right\0111.png","Y:\250507\250507_LEC0430_L_1_HD_1\png\250507_LEC0430_L_1_HD_1_M0.png
Y:\250507\250507_LEC0430_R_1_HD_1\png\250507_LEC0430_R_1_HD_1_M0.png
Y:\250507\250507_LEC0430_R_2_HD_1\png\250507_LEC0430_R_2_HD_1_M0.png
Y:\250507\250507_LEC0430_R_3_HD_1\png\250507_LEC0430_R_3_HD_1_M0.png
Y:\250512\250512_LEC0430_L_2_HD_1\png\250512_LEC0430_L_2_HD_1_M0.png
Y:\250512\250512_LEC0430_L_HD_1\png\250512_LEC0430_L_HD_1_M0.png
Y:\250512\250512_LEC0430_R_1_HD_1\png\250512_LEC0430_R_1_HD_1_M0.png
Y:\250512\250512_LEC0430_R_2_HD_1\png\250512_LEC0430_R_2_HD_1_M0.png
Y:\250604\250604_LEC_0430_L_1_HD_1\png\250604_LEC_0430_L_1_HD_1_M0.png
Y:\250604\250604_LEC_0430_L_HD_1\png\250604_LEC_0430_L_HD_1_M0.png
Y:\250604\250604_LEC_0430_R_1_HD_1\png\250604_LEC_0430_R_1_HD_1_M0.png
Y:\250604\tristan come\250604_LEC_0430_L_HD_2\png\250604_LEC_0430_L_HD_2_M0.png
Y:\250604\tristan come\250604_LEC_0430_R_HD_1\png\250604_LEC_0430_R_HD_1_M0.png
Y:\251028\251028_LEC0430_L_1_HD_1\png\251028_LEC0430_L_1_HD_1_M0.png
Y:\251028\251028_LEC0430_L_HD_1\png\251028_LEC0430_L_HD_1_M0.png
Y:\251028\251028_LEC0430_R_1_HD_1\png\251028_LEC0430_R_1_HD_1_M0.png
Y:\251028\251028_LEC0430_R_2_HD_1\png\251028_LEC0430_R_2_HD_1_M0.png
Y:\251028\251028_LEC0430_R_HD_2\png\251028_LEC0430_R_HD_2_M0.png
Y:\251028\251028_LEC0430_apne_L_1_HD_1\png\251028_LEC0430_apne_L_1_HD_1_M0.png
Y:\251028\251028_LEC0430_apne_L_HD_1\png\251028_LEC0430_apne_L_HD_1_M0.png
Y:\251028\251028_LEC0430_apne_R_1_HD_1\png\251028_LEC0430_apne_R_1_HD_1_M0.png
Y:\251028\251028_LEC0430_apne_R_HD_1\png\251028_LEC0430_apne_R_HD_1_M0.png","Y:\250512\250512_LEC0430_L_1_HD_1\png\250512_LEC0430_L_1_HD_1_M0.png
Y:\250512\250512_LEC0430_R_HD_1\png\250512_LEC0430_R_HD_1_M0.png
Y:\251028\251028_LEC0430_L_2_HD_1\png\251028_LEC0430_L_2_HD_1_M0.png","Y:\250507\250507_LEC0430_L_2_HD_1\png\250507_LEC0430_L_2_HD_1_M0.png
Y:\250507\250507_LEC0430_L_HD_1\png\250507_LEC0430_L_HD_1_M0.png
Y:\250507\250507_LEC0430_R_HD_1\png\250507_LEC0430_R_HD_1_M0.png
Y:\250604\250604_LEC_0430_R_HD_1\png\250604_LEC_0430_R_HD_1_M0.png"
LEM,possible_overlap,train+valid,,"dataset\old_dataset\classification\train\left\0554.png
dataset\old_dataset\classification\train\left\0555.png
dataset\old_dataset\classification\train\left\0556.png
dataset\old_dataset\classification\train\right\0553.png",dataset\old_dataset\classification\valid\right\0552.png,,"Y:\250722\LEM\250722_LEM__L_1_HD_1\png\250722_LEM__L_1_HD_1_M0.png
Y:\250722\LEM\250722_LEM__R_1_HD_1\png\250722_LEM__R_1_HD_1_M0.png
Y:\250722\LEM\250722_LEM__R_2_HD_1\png\250722_LEM__R_2_HD_1_M0.png
Y:\250722\LEM\250722_LEM__R_HD_1\png\250722_LEM__R_HD_1_M0.png",Y:\250722\LEM\250722_LEM_L_HD_1\png\250722_LEM_L_HD_1_M0.png,
LGC,possible_overlap,train+test,,"dataset\old_dataset\classification\train\left\1147.png
dataset\old_dataset\classification\train\left\1148.png
dataset\old_dataset\classification\train\right\1144.png
dataset\old_dataset\classification\train\right\1146.png",,"dataset\old_dataset\classification\test\left\1149.png
dataset\old_dataset\classification\test\right\1145.png","Y:\250918\250918_LGC_L_1_HD_1\png\250918_LGC_L_1_HD_1_M0.png
Y:\250918\250918_LGC_L_HD_1\png\250918_LGC_L_HD_1_M0.png
Y:\250918\250918_LGC_R_1_HD_1\png\250918_LGC_R_1_HD_1_M0.png
Y:\250918\250918_LGC_R_2_HD_1\png\250918_LGC_R_2_HD_1_M0.png",,"Y:\250918\250918_LGC_L_2_HD_1\png\250918_LGC_L_2_HD_1_M0.png
Y:\250918\250918_LGC_R_HD_1\png\250918_LGC_R_HD_1_M0.png"
LIH,possible_overlap,train+valid+test,,"dataset\old_dataset\classification\train\left\1097.png
dataset\old_dataset\classification\train\left\1098.png",dataset\old_dataset\classification\valid\left\1099.png,"dataset\old_dataset\classification\test\right\1094.png
dataset\old_dataset\classification\test\right\1095.png
dataset\old_dataset\classification\test\right\1096.png","Y:\250916\250916_LIH_R_1_HD_2\png\250916_LIH_R_1_HD_2_M0.png
Y:\250916\250916_LIH_R_2_HD_2\png\250916_LIH_R_2_HD_2_M0.png",Y:\250916\250916_LIH_R_HD_2\png\250916_LIH_R_HD_2_M0.png,"Y:\250916\250916_LIH_L_1_HD_2\png\250916_LIH_L_1_HD_2_M0.png
Y:\250916\250916_LIH_L_2_HD_2\png\250916_LIH_L_2_HD_2_M0.png
Y:\250916\250916_LIH_L_HD_2\png\250916_LIH_L_HD_2_M0.png"
LOC,possible_overlap,train+test,,"dataset\old_dataset\classification\train\left\1218.png
dataset\old_dataset\classification\train\left\1219.png
dataset\old_dataset\classification\train\right\1214.png
dataset\old_dataset\classification\train\right\1215.png
dataset\old_dataset\classification\train\right\1216.png",,dataset\old_dataset\classification\test\left\1217.png,"Y:\250929\250929_LOC_L_1_HD_1\png\250929_LOC_L_1_HD_1_M0.png
Y:\250929\250929_LOC_L_2_HD_1\png\250929_LOC_L_2_HD_1_M0.png
Y:\250929\250929_LOC_L_HD_1\png\250929_LOC_L_HD_1_M0.png
Y:\250929\250929_LOC_R_2_HD_1\png\250929_LOC_R_2_HD_1_M0.png
Y:\250929\250929_LOC_R_HD_1\png\250929_LOC_R_HD_1_M0.png",,Y:\250929\250929_LOC_R_1_HD_1\png\250929_LOC_R_1_HD_1_M0.png
MAC,possible_overlap,train+valid+test,,"dataset\old_dataset\classification\train\left\0836.png
dataset\old_dataset\classification\train\left\1105.png
dataset\old_dataset\classification\train\left\1106.png
dataset\old_dataset\classification\train\right\0835.png
dataset\old_dataset\classification\train\right\1100.png
dataset\old_dataset\classification\train\right\1102.png",dataset\old_dataset\classification\valid\right\1103.png,"dataset\old_dataset\classification\test\left\0837.png
dataset\old_dataset\classification\test\left\1104.png
dataset\old_dataset\classification\test\right\0834.png
dataset\old_dataset\classification\test\right\1101.png","Y:\250606\250606_MAC_L_HD_1\png\250606_MAC_L_HD_1_M0.png
Y:\250606\250606_MAC_R_1_HD_1\png\250606_MAC_R_1_HD_1_M0.png
Y:\250916\250916_MAC_L_1_HD_2\png\250916_MAC_L_1_HD_2_M0.png
Y:\250916\250916_MAC_L_3_HD_2\png\250916_MAC_L_3_HD_2_M0.png
Y:\250916\250916_MAC_R_2_HD_2\png\250916_MAC_R_2_HD_2_M0.png
Y:\250916\250916_MAC_R_HD_2\png\250916_MAC_R_HD_2_M0.png",Y:\250916\250916_MAC_L_HD_2\png\250916_MAC_L_HD_2_M0.png,"Y:\250606\250606_MAC_L_1_HD_1\png\250606_MAC_L_1_HD_1_M0.png
Y:\250606\250606_MAC_R_HD_1\png\250606_MAC_R_HD_1_M0.png
Y:\250916\250916_MAC_L_2_HD_2\png\250916_MAC_L_2_HD_2_M0.png
Y:\250916\250916_MAC_R_1_HD_2\png\250916_MAC_R_1_HD_2_M0.png"
MAD,possible_overlap,train+test,,"dataset\old_dataset\classification\train\left\1082.png
dataset\old_dataset\classification\train\left\1083.png
dataset\old_dataset\classification\train\left\1084.png
dataset\old_dataset\classification\train\right\1079.png
dataset\old_dataset\classification\train\right\1080.png",,dataset\old_dataset\classification\test\right\1081.png,"Y:\250912\MAD\250912_MAD_L_1_HD_1\png\250912_MAD_L_1_HD_1_M0.png
Y:\250912\MAD\250912_MAD_L_2_HD_1\png\250912_MAD_L_2_HD_1_M0.png
Y:\250912\MAD\250912_MAD_R_1_HD_1\png\250912_MAD_R_1_HD_1_M0.png
Y:\250912\MAD\250912_MAD_R_2_HD_1\png\250912_MAD_R_2_HD_1_M0.png
Y:\250912\MAD\250912_MAD_R_3_HD_1\png\250912_MAD_R_3_HD_1_M0.png",,Y:\250912\MAD\250912_MAD_L_3_HD_1\png\250912_MAD_L_3_HD_1_M0.png
MAF,possible_overlap,train+valid,,"dataset\old_dataset\classification\train\left\1188.png
dataset\old_dataset\classification\train\left\1189.png
dataset\old_dataset\classification\train\right\1183.png","dataset\old_dataset\classification\valid\left\1187.png
dataset\old_dataset\classification\valid\right\1184.png
dataset\old_dataset\classification\valid\right\1186.png",,"Y:\250924\250924_MAF_L_1_HD_2\png\250924_MAF_L_1_HD_2_M0.png
Y:\250924\250924_MAF_R_2_HD_2\png\250924_MAF_R_2_HD_2_M0.png
Y:\250924\250924_MAF_R_HD_2\png\250924_MAF_R_HD_2_M0.png","Y:\250924\250924_MAF_L_2_HD_2\png\250924_MAF_L_2_HD_2_M0.png
Y:\250924\250924_MAF_L_HD_2\png\250924_MAF_L_HD_2_M0.png
Y:\250924\250924_MAF_R_1_HD_2\png\250924_MAF_R_1_HD_2_M0.png",
MAM,possible_overlap,train+test,,"dataset\old_dataset\classification\train\left\1443.png
dataset\old_dataset\classification\train\left\1445.png
dataset\old_dataset\classification\train\right\1439.png
dataset\old_dataset\classification\train\right\1440.png
dataset\old_dataset\classification\train\right\1442.png",,"dataset\old_dataset\classification\test\left\1444.png
dataset\old_dataset\classification\test\right\1441.png","Y:\251021\251021_MAM_L_1_HD_1\png\251021_MAM_L_1_HD_1_M0.png
Y:\251021\251021_MAM_L_2_HD_1\png\251021_MAM_L_2_HD_1_M0.png
Y:\251021\251021_MAM_L_HD_1\png\251021_MAM_L_HD_1_M0.png
Y:\251021\251021_MAM_R_1_HD_1\png\251021_MAM_R_1_HD_1_M0.png
Y:\251021\251021_MAM_R_HD_1\png\251021_MAM_R_HD_1_M0.png",,"Y:\251021\251021_MAM_L_3_HD_1\png\251021_MAM_L_3_HD_1_M0.png
Y:\251021\251021_MAM_R_2_HD_1\png\251021_MAM_R_2_HD_1_M0.png"
MAN,possible_overlap,train+valid+test,,"dataset\old_dataset\classification\train\left\1193.png
dataset\old_dataset\classification\train\left\1194.png
dataset\old_dataset\classification\train\left\1195.png
dataset\old_dataset\classification\train\left\1327.png
dataset\old_dataset\classification\train\left\1328.png
dataset\old_dataset\classification\train\right\1191.png
dataset\old_dataset\classification\train\right\1192.png
dataset\old_dataset\classification\train\right\1324.png
dataset\old_dataset\classification\train\right\1325.png",dataset\old_dataset\classification\valid\left\1326.png,dataset\old_dataset\classification\test\right\1190.png,"Y:\250924\250924_MAN_L_2_HD_1\png\250924_MAN_L_2_HD_1_M0.png
Y:\250924\250924_MAN_L_HD_1\png\250924_MAN_L_HD_1_M0.png
Y:\250924\250924_MAN_R_1_HD_1\png\250924_MAN_R_1_HD_1_M0.png
Y:\250924\250924_MAN_R_2_HD_1\png\250924_MAN_R_2_HD_1_M0.png
Y:\250924\250924_MAN_R_HD_1\png\250924_MAN_R_HD_1_M0.png
Y:\251008\251008_MAN_L_1_HD_2\png\251008_MAN_L_1_HD_2_M0.png
Y:\251008\251008_MAN_L_HD_2\png\251008_MAN_L_HD_2_M0.png
Y:\251008\251008_MAN_R_2_HD_1\png\251008_MAN_R_2_HD_1_M0.png
Y:\251008\251008_MAN_R_HD_2\png\251008_MAN_R_HD_2_M0.png",Y:\251008\251008_MAN_R_1_HD_1\png\251008_MAN_R_1_HD_1_M0.png,Y:\250924\250924_MAN_L_1_HD_1\png\250924_MAN_L_1_HD_1_M0.png
MAO,possible_overlap,train+test,,"dataset\old_dataset\classification\train\right\0481.png
dataset\old_dataset\classification\train\right\0482.png
dataset\old_dataset\classification\train\right\0483.png
dataset\old_dataset\classification\train\right\0484.png
dataset\old_dataset\classification\train\right\0486.png
dataset\old_dataset\classification\train\right\0487.png
dataset\old_dataset\classification\train\right\0488.png
dataset\old_dataset\classification\train\right\0489.png
dataset\old_dataset\classification\train\right\0490.png
dataset\old_dataset\classification\train\right\0491.png
dataset\old_dataset\classification\train\right\0492.png",,dataset\old_dataset\classification\test\right\0485.png,"Y:\250626\250626_MAO_L_10_HD_1\png\250626_MAO_L_10_HD_1_M0.png
Y:\250626\250626_MAO_L_11_HD_1\png\250626_MAO_L_11_HD_1_M0.png
Y:\250626\250626_MAO_L_1_HD_1\png\250626_MAO_L_1_HD_1_M0.png
Y:\250626\250626_MAO_L_2_HD_2\png\250626_MAO_L_2_HD_2_M0.png
Y:\250626\250626_MAO_L_4_HD_1\png\250626_MAO_L_4_HD_1_M0.png
Y:\250626\250626_MAO_L_5_HD_1\png\250626_MAO_L_5_HD_1_M0.png
Y:\250626\250626_MAO_L_6_HD_1\png\250626_MAO_L_6_HD_1_M0.png
Y:\250626\250626_MAO_L_7_HD_1\png\250626_MAO_L_7_HD_1_M0.png
Y:\250626\250626_MAO_L_8_HD_1\png\250626_MAO_L_8_HD_1_M0.png
Y:\250626\250626_MAO_L_9_HD_1\png\250626_MAO_L_9_HD_1_M0.png
Y:\250626\250626_MAO_L_HD_1\png\250626_MAO_L_HD_1_M0.png",,Y:\250626\250626_MAO_L_3_HD_1\png\250626_MAO_L_3_HD_1_M0.png
MAS,possible_overlap,train+valid,,"dataset\old_dataset\classification\train\left\1332.png
dataset\old_dataset\classification\train\left\1333.png
dataset\old_dataset\classification\train\left\1334.png
dataset\old_dataset\classification\train\right\1329.png
dataset\old_dataset\classification\train\right\1330.png",dataset\old_dataset\classification\valid\right\1331.png,,"Y:\251008\251008_MAS_L_1_HD_1\png\251008_MAS_L_1_HD_1_M0.png
Y:\251008\251008_MAS_L_2_HD_1\png\251008_MAS_L_2_HD_1_M0.png
Y:\251008\251008_MAS_R_1_HD_1\png\251008_MAS_R_1_HD_1_M0.png
Y:\251008\251008_MAS_R_2_HD_1\png\251008_MAS_R_2_HD_1_M0.png
Y:\251008\251008_MAS_R_HD_1\png\251008_MAS_R_HD_1_M0.png",Y:\251008\251008_MAS_L_HD_1\png\251008_MAS_L_HD_1_M0.png,
MOA,possible_overlap,train+valid,,"dataset\old_dataset\classification\train\left\0598.png
dataset\old_dataset\classification\train\left\0599.png
dataset\old_dataset\classification\train\left\0600.png
dataset\old_dataset\classification\train\right\0602.png
dataset\old_dataset\classification\train\right\0603.png",dataset\old_dataset\classification\valid\right\0601.png,,"Y:\250812\MOA\250812_MOA_L_1_HD_1\png\250812_MOA_L_1_HD_1_M0.png
Y:\250812\MOA\250812_MOA_L_2_HD_1\png\250812_MOA_L_2_HD_1_M0.png
Y:\250812\MOA\250812_MOA_L_HD_1\png\250812_MOA_L_HD_1_M0.png
Y:\250812\MOA\250812_MOA_R_2_HD_1\png\250812_MOA_R_2_HD_1_M0.png
Y:\250812\MOA\250812_MOA_R_HD_1\png\250812_MOA_R_HD_1_M0.png",Y:\250812\MOA\250812_MOA_R_1_HD_1\png\250812_MOA_R_1_HD_1_M0.png,
MOD,possible_overlap,train+test,,"dataset\old_dataset\classification\train\left\0698.png
dataset\old_dataset\classification\train\left\0699.png
dataset\old_dataset\classification\train\left\0700.png",,dataset\old_dataset\classification\test\left\0701.png,"Y:\250909\250909_MOD_R_1_HD_1\png\250909_MOD_R_1_HD_1_M0.png
Y:\250909\250909_MOD_R_2_HD_1\png\250909_MOD_R_2_HD_1_M0.png
Y:\250909\250909_MOD_R_3_HD_1\png\250909_MOD_R_3_HD_1_M0.png",,Y:\250909\250909_MOD_R_HD_1\png\250909_MOD_R_HD_1_M0.png
MOS,possible_overlap,train+test,,"dataset\old_dataset\classification\train\left\1126.png
dataset\old_dataset\classification\train\left\1127.png
dataset\old_dataset\classification\train\right\1122.png",,"dataset\old_dataset\classification\test\left\1125.png
dataset\old_dataset\classification\test\right\1123.png
dataset\old_dataset\classification\test\right\1124.png","Y:\250917\MOS\250917_MOS_L_1_HD_1\png\250917_MOS_L_1_HD_1_M0.png
Y:\250917\MOS\250917_MOS_R_2_HD_1\png\250917_MOS_R_2_HD_1_M0.png
Y:\250917\MOS\250917_MOS_R_HD_1\png\250917_MOS_R_HD_1_M0.png",,"Y:\250917\MOS\250917_MOS_L_2_HD_2\png\250917_MOS_L_2_HD_2_M0.png
Y:\250917\MOS\250917_MOS_L_HD_1\png\250917_MOS_L_HD_1_M0.png
Y:\250917\MOS\250917_MOS_R_1_HD_1\png\250917_MOS_R_1_HD_1_M0.png"
MOV,possible_overlap,train+valid,,"dataset\old_dataset\classification\train\left\1616.png
dataset\old_dataset\classification\train\left\1617.png
dataset\old_dataset\classification\train\left\1618.png
dataset\old_dataset\classification\train\right\1613.png
dataset\old_dataset\classification\train\right\1614.png",dataset\old_dataset\classification\valid\right\1615.png,,"Y:\251127\251127_MOV_L_1_HD_1\png\251127_MOV_L_1_HD_1_M0.png
Y:\251127\251127_MOV_L_3_HD_1\png\251127_MOV_L_3_HD_1_M0.png
Y:\251127\251127_MOV_R_1_HD_1\png\251127_MOV_R_1_HD_1_M0.png
Y:\251127\251127_MOV_R_2_HD_1\png\251127_MOV_R_2_HD_1_M0.png
Y:\251127\251127_MOV_R_HD_1\png\251127_MOV_R_HD_1_M0.png",Y:\251127\251127_MOV_L_HD_1\png\251127_MOV_L_HD_1_M0.png,
NIJ,possible_overlap,train+valid+test,,"dataset\old_dataset\classification\train\left\1623.png
dataset\old_dataset\classification\train\right\1620.png","dataset\old_dataset\classification\valid\left\1622.png
dataset\old_dataset\classification\valid\left\1624.png","dataset\old_dataset\classification\test\right\1619.png
dataset\old_dataset\classification\test\right\1621.png","Y:\251127\251127_NIJ_L_2_HD_1\png\251127_NIJ_L_2_HD_1_M0.png
Y:\251127\251127_NIJ_R_2_HD_1\png\251127_NIJ_R_2_HD_1_M0.png","Y:\251127\251127_NIJ_R_1_HD_1\png\251127_NIJ_R_1_HD_1_M0.png
Y:\251127\251127_NIJ_R_HD_1\png\251127_NIJ_R_HD_1_M0.png","Y:\251127\251127_NIJ_L_1_HD_1\png\251127_NIJ_L_1_HD_1_M0.png
Y:\251127\251127_NIJ_L_HD_1\png\251127_NIJ_L_HD_1_M0.png"
NIP,possible_overlap,train+valid,,"dataset\old_dataset\classification\train\left\1415.png
dataset\old_dataset\classification\train\left\1416.png
dataset\old_dataset\classification\train\left\1417.png
dataset\old_dataset\classification\train\right\1410.png
dataset\old_dataset\classification\train\right\1411.png
dataset\old_dataset\classification\train\right\1412.png
dataset\old_dataset\classification\train\right\1413.png",dataset\old_dataset\classification\valid\left\1414.png,,"Y:\251017\251017_NIP_L_1_HD_1\png\251017_NIP_L_1_HD_1_M0.png
Y:\251017\251017_NIP_L_2_HD_1\png\251017_NIP_L_2_HD_1_M0.png
Y:\251017\251017_NIP_L_3_HD_1\png\251017_NIP_L_3_HD_1_M0.png
Y:\251017\251017_NIP_L_HD_1\png\251017_NIP_L_HD_1_M0.png
Y:\251017\251017_NIP_R_2_HD_1\png\251017_NIP_R_2_HD_1_M0.png
Y:\251017\251017_NIP_R_3_HD_1\png\251017_NIP_R_3_HD_1_M0.png
Y:\251017\251017_NIP_R_HD_1\png\251017_NIP_R_HD_1_M0.png",Y:\251017\251017_NIP_R_1_HD_1\png\251017_NIP_R_1_HD_1_M0.png,
OLR,possible_overlap,train+valid,,"dataset\old_dataset\classification\train\left\0608.png
dataset\old_dataset\classification\train\left\0610.png
dataset\old_dataset\classification\train\right\0605.png
dataset\old_dataset\classification\train\right\0606.png","dataset\old_dataset\classification\valid\left\0607.png
dataset\old_dataset\classification\valid\left\0609.png
dataset\old_dataset\classification\valid\right\0604.png",,"Y:\250812\OLR\250812_OLR_L_2_HD_1\png\250812_OLR_L_2_HD_1_M0.png
Y:\250812\OLR\250812_OLR_L_HD_1\png\250812_OLR_L_HD_1_M0.png
Y:\250812\OLR\250812_OLR_R_2_HD_1\png\250812_OLR_R_2_HD_1_M0.png
Y:\250812\OLR\250812_OLR_R_HD_1\png\250812_OLR_R_HD_1_M0.png","Y:\250812\OLR\250812_OLR_L_1_HD_1\png\250812_OLR_L_1_HD_1_M0.png
Y:\250812\OLR\250812_OLR_R_1_HD_1\png\250812_OLR_R_1_HD_1_M0.png
Y:\250812\OLR\250812_OLR_R_3_HD_1\png\250812_OLR_R_3_HD_1_M0.png",
OUA,possible_overlap,train+valid,,"dataset\old_dataset\classification\train\left\1111.png
dataset\old_dataset\classification\train\left\1112.png
dataset\old_dataset\classification\train\left\1113.png
dataset\old_dataset\classification\train\left\1114.png
dataset\old_dataset\classification\train\right\1107.png
dataset\old_dataset\classification\train\right\1108.png
dataset\old_dataset\classification\train\right\1110.png",dataset\old_dataset\classification\valid\right\1109.png,,"Y:\250916\250916_OUA_L_1_HD_2\png\250916_OUA_L_1_HD_2_M0.png
Y:\250916\250916_OUA_L_2_HD_2\png\250916_OUA_L_2_HD_2_M0.png
Y:\250916\250916_OUA_L_HD_2\png\250916_OUA_L_HD_2_M0.png
Y:\250916\250916_OUA_R_1_HD_2\png\250916_OUA_R_1_HD_2_M0.png
Y:\250916\250916_OUA_R_2_HD_2\png\250916_OUA_R_2_HD_2_M0.png
Y:\250916\250916_OUA_R_3_HD_2\png\250916_OUA_R_3_HD_2_M0.png
Y:\250916\250916_OUA_R_HD_2\png\250916_OUA_R_HD_2_M0.png",Y:\250916\250916_OUA_L_3_HD_2\png\250916_OUA_L_3_HD_2_M0.png,
OUI,possible_overlap,train+valid,,"dataset\old_dataset\classification\train\left\1119.png
dataset\old_dataset\classification\train\left\1120.png
dataset\old_dataset\classification\train\left\1121.png
dataset\old_dataset\classification\train\right\1115.png
dataset\old_dataset\classification\train\right\1118.png","dataset\old_dataset\classification\valid\right\1116.png
dataset\old_dataset\classification\valid\right\1117.png",,"Y:\250916\250916_OUI_L_1_HD_2\png\250916_OUI_L_1_HD_2_M0.png
Y:\250916\250916_OUI_L_HD_2\png\250916_OUI_L_HD_2_M0.png
Y:\250916\250916_OUI_R_1_HD_2\png\250916_OUI_R_1_HD_2_M0.png
Y:\250916\250916_OUI_R_2_HD_2\png\250916_OUI_R_2_HD_2_M0.png
Y:\250916\250916_OUI_R_HD_2\png\250916_OUI_R_HD_2_M0.png","Y:\250916\250916_OUI_L_2_HD_2\png\250916_OUI_L_2_HD_2_M0.png
Y:\250916\250916_OUI_L_3_HD_2\png\250916_OUI_L_3_HD_2_M0.png",
PAD,possible_overlap,train+valid+test,,"dataset\old_dataset\classification\train\left\1580.png
dataset\old_dataset\classification\train\left\1581.png
dataset\old_dataset\classification\train\right\1579.png",dataset\old_dataset\classification\valid\right\1578.png,dataset\old_dataset\classification\test\right\1577.png,"Y:\251114\251114_PAD_L_HD_1\png\251114_PAD_L_HD_1_M0.png
Y:\251114\251114_PAD_R_2_HD_1\png\251114_PAD_R_2_HD_1_M0.png
Y:\251114\251117_PAD_R_HD_1\png\251117_PAD_R_HD_1_M0.png",Y:\251114\251114_PAD_L_2_HD_1\png\251114_PAD_L_2_HD_1_M0.png,Y:\251114\251114_PAD_L_1_HD_1\png\251114_PAD_L_1_HD_1_M0.png
PEJ,possible_overlap,train+valid+test,,"dataset\old_dataset\classification\train\left\0423.png
dataset\old_dataset\classification\train\left\0425.png
dataset\old_dataset\classification\train\left\1338.png
dataset\old_dataset\classification\train\right\0420.png
dataset\old_dataset\classification\train\right\0421.png
dataset\old_dataset\classification\train\right\0422.png
dataset\old_dataset\classification\train\right\1335.png","dataset\old_dataset\classification\valid\left\0424.png
dataset\old_dataset\classification\valid\left\1340.png","dataset\old_dataset\classification\test\left\1339.png
dataset\old_dataset\classification\test\right\1336.png
dataset\old_dataset\classification\test\right\1337.png","Y:\250618\PEJ\250618_PEJ_L_1_HD_1\png\250618_PEJ_L_1_HD_1_M0.png
Y:\250618\PEJ\250618_PEJ_L_2_HD_1\png\250618_PEJ_L_2_HD_1_M0.png
Y:\250618\PEJ\250618_PEJ_L_HD_1\png\250618_PEJ_L_HD_1_M0.png
Y:\250618\PEJ\250618_PEJ_R_1_HD_1\png\250618_PEJ_R_1_HD_1_M0.png
Y:\250618\PEJ\250618_PEJ_R_HD_1\png\250618_PEJ_R_HD_1_M0.png
Y:\251008\251008_PEJ_L_1_HD_1\png\251008_PEJ_L_1_HD_1_M0.png
Y:\251008\251008_PEJ_R_1_HD_1\png\251008_PEJ_R_1_HD_1_M0.png","Y:\250618\PEJ\250618_PEJ_R_2_HD_1\png\250618_PEJ_R_2_HD_1_M0.png
Y:\251008\251008_PEJ_R_HD_1\png\251008_PEJ_R_HD_1_M0.png","Y:\251008\251008_PEJ_L_2_HD_1\png\251008_PEJ_L_2_HD_1_M0.png
Y:\251008\251008_PEJ_L_HD_1\png\251008_PEJ_L_HD_1_M0.png
Y:\251008\251008_PEJ_R_2_HD_1\png\251008_PEJ_R_2_HD_1_M0.png"
PEY,possible_overlap,train+valid,,"dataset\old_dataset\classification\train\left\0615.png
dataset\old_dataset\classification\train\left\0617.png
dataset\old_dataset\classification\train\right\0612.png
dataset\old_dataset\classification\train\right\0613.png","dataset\old_dataset\classification\valid\left\0616.png
dataset\old_dataset\classification\valid\right\0614.png",,"Y:\250812\PEY\250812_PEY_L_1_HD_1\png\250812_PEY_L_1_HD_1_M0.png
Y:\250812\PEY\250812_PEY_L_2_HD_1\png\250812_PEY_L_2_HD_1_M0.png
Y:\250812\PEY\250812_PEY_R_1_HD_1\png\250812_PEY_R_1_HD_1_M0.png
Y:\250812\PEY\250812_PEY_R_HD_1\png\250812_PEY_R_HD_1_M0.png","Y:\250812\PEY\250812_PEY_L_HD_1\png\250812_PEY_L_HD_1_M0.png
Y:\250812\PEY\250812_PEY_R_2_HD_1\png\250812_PEY_R_2_HD_1_M0.png",
POA0529,possible_overlap,train+valid+test,,"dataset\old_dataset\classification\train\right\0068.png
dataset\old_dataset\classification\train\right\0069.png",dataset\old_dataset\classification\valid\left\0070.png,dataset\old_dataset\classification\test\left\0071.png,"Y:\250430\250430_POA0529_L_1_HD_1\png\250430_POA0529_L_1_HD_1_M0.png
Y:\250430\250430_POA0529_L_HD_1\png\250430_POA0529_L_HD_1_M0.png",Y:\250430\250430_POA0529_R_2_HD_1\png\250430_POA0529_R_2_HD_1_M0.png,Y:\250430\250430_POA0529_R_3_HD_1\png\250430_POA0529_R_3_HD_1_M0.png
POM,possible_overlap,train+valid+test,,"dataset\old_dataset\classification\train\left\0712.png
dataset\old_dataset\classification\train\left\0714.png
dataset\old_dataset\classification\train\left\0996.png
dataset\old_dataset\classification\train\left\0997.png
dataset\old_dataset\classification\train\left\0998.png
dataset\old_dataset\classification\train\right\0709.png
dataset\old_dataset\classification\train\right\0710.png
dataset\old_dataset\classification\train\right\0711.png
dataset\old_dataset\classification\train\right\0993.png
dataset\old_dataset\classification\train\right\0995.png",dataset\old_dataset\classification\valid\left\0713.png,dataset\old_dataset\classification\test\right\0994.png,"Y:\250910\250910_POM_L_1_HD_1\png\250910_POM_L_1_HD_1_M0.png
Y:\250910\250910_POM_L_1_HD_2\png\250910_POM_L_1_HD_2_M0.png
Y:\250910\250910_POM_L_2_HD_1\png\250910_POM_L_2_HD_1_M0.png
Y:\250910\250910_POM_L_2_HD_2\png\250910_POM_L_2_HD_2_M0.png
Y:\250910\250910_POM_L_HD_1\png\250910_POM_L_HD_1_M0.png
Y:\250910\250910_POM_L_HD_2\png\250910_POM_L_HD_2_M0.png
Y:\250910\250910_POM_R_1_HD_1\png\250910_POM_R_1_HD_1_M0.png
Y:\250910\250910_POM_R_1_HD_2\png\250910_POM_R_1_HD_2_M0.png
Y:\250910\250910_POM_R_2_HD_2\png\250910_POM_R_2_HD_2_M0.png
Y:\250910\250910_POM_R_HD_1\png\250910_POM_R_HD_1_M0.png
Y:\250910\250910_POM_R_HD_2\png\250910_POM_R_HD_2_M0.png",Y:\250910\250910_POM_R_2_HD_1\png\250910_POM_R_2_HD_1_M0.png,"Y:\250910\250910_POM_L_2_HD_1\png\250910_POM_L_2_HD_1_M0.png
Y:\250910\250910_POM_L_2_HD_2\png\250910_POM_L_2_HD_2_M0.png"
PRG,possible_overlap,train+test,,dataset\old_dataset\classification\train\left\0537.png,,dataset\old_dataset\classification\test\left\0536.png,Y:\250715\PRG\250715_PRG_R_HD_1\png\250715_PRG_R_HD_1_M0.png,,Y:\250715\PRG\250715_PRG_R_1_HD_1\png\250715_PRG_R_1_HD_1_M0.png
REA,possible_overlap,train+valid+test,,"dataset\old_dataset\classification\train\left\1526.png
dataset\old_dataset\classification\train\right\1522.png
dataset\old_dataset\classification\train\right\1523.png
dataset\old_dataset\classification\train\right\1524.png",dataset\old_dataset\classification\valid\left\1527.png,dataset\old_dataset\classification\test\left\1525.png,"Y:\251104\251104_REA_L_1_HD_1\png\251104_REA_L_1_HD_1_M0.png
Y:\251104\251104_REA_L_2_HD_1\png\251104_REA_L_2_HD_1_M0.png
Y:\251104\251104_REA_L_HD_1\png\251104_REA_L_HD_1_M0.png
Y:\251104\251104_REA_R_2_HD_1\png\251104_REA_R_2_HD_1_M0.png",Y:\251104\251104_REA_R_HD_1\png\251104_REA_R_HD_1_M0.png,Y:\251104\251104_REA_R_1_HD_1\png\251104_REA_R_1_HD_1_M0.png
REC,possible_overlap,train+test,,"dataset\old_dataset\classification\train\left\1280.png
dataset\old_dataset\classification\train\left\1281.png
dataset\old_dataset\classification\train\left\1282.png
dataset\old_dataset\classification\train\right\1276.png
dataset\old_dataset\classification\train\right\1277.png
dataset\old_dataset\classification\train\right\1278.png",,dataset\old_dataset\classification\test\right\1279.png,"Y:\251006\251006_REC_L_1_HD_2\png\251006_REC_L_1_HD_2_M0.png
Y:\251006\251006_REC_L_2_HD_2\png\251006_REC_L_2_HD_2_M0.png
Y:\251006\251006_REC_L_3_HD_2\png\251006_REC_L_3_HD_2_M0.png
Y:\251006\251006_REC_R_1_HD_2\png\251006_REC_R_1_HD_2_M0.png
Y:\251006\251006_REC_R_2_HD_2\png\251006_REC_R_2_HD_2_M0.png
Y:\251006\251006_REC_R_HD_2\png\251006_REC_R_HD_2_M0.png",,Y:\251006\251006_REC_L_HD_2\png\251006_REC_L_HD_2_M0.png
REM,possible_overlap,train+test,,"dataset\old_dataset\classification\train\left\0621.png
dataset\old_dataset\classification\train\left\0622.png
dataset\old_dataset\classification\train\left\0623.png
dataset\old_dataset\classification\train\left\0927.png
dataset\old_dataset\classification\train\left\0929.png
dataset\old_dataset\classification\train\right\0618.png
dataset\old_dataset\classification\train\right\0620.png
dataset\old_dataset\classification\train\right\0924.png
dataset\old_dataset\classification\train\right\0925.png
dataset\old_dataset\classification\train\right\0926.png",,"dataset\old_dataset\classification\test\left\0928.png
dataset\old_dataset\classification\test\right\0619.png","Y:\250812\REM\250812_REM_L_1_HD_1\png\250812_REM_L_1_HD_1_M0.png
Y:\250812\REM\250812_REM_L_1_HD_2\png\250812_REM_L_1_HD_2_M0.png
Y:\250812\REM\250812_REM_L_2_HD_1\png\250812_REM_L_2_HD_1_M0.png
Y:\250812\REM\250812_REM_L_2_HD_2\png\250812_REM_L_2_HD_2_M0.png
Y:\250812\REM\250812_REM_L_HD_1\png\250812_REM_L_HD_1_M0.png
Y:\250812\REM\250812_REM_L_HD_2\png\250812_REM_L_HD_2_M0.png
Y:\250812\REM\250812_REM_R_1_HD_1\png\250812_REM_R_1_HD_1_M0.png
Y:\250812\REM\250812_REM_R_1_HD_2\png\250812_REM_R_1_HD_2_M0.png
Y:\250812\REM\250812_REM_R_2_HD_1\png\250812_REM_R_2_HD_1_M0.png
Y:\250812\REM\250812_REM_R_HD_1\png\250812_REM_R_HD_1_M0.png
Y:\250812\REM\250812_REM_R_HD_2\png\250812_REM_R_HD_2_M0.png",,"Y:\250812\REM\250812_REM_L_2_HD_1\png\250812_REM_L_2_HD_1_M0.png
Y:\250812\REM\250812_REM_L_2_HD_2\png\250812_REM_L_2_HD_2_M0.png
Y:\250812\REM\250812_REM_R_2_HD_2\png\250812_REM_R_2_HD_2_M0.png"
RET,possible_overlap,train+valid,,"dataset\old_dataset\classification\train\left\1153.png
dataset\old_dataset\classification\train\left\1155.png
dataset\old_dataset\classification\train\right\1150.png
dataset\old_dataset\classification\train\right\1151.png
dataset\old_dataset\classification\train\right\1152.png",dataset\old_dataset\classification\valid\left\1154.png,,"Y:\250918\250918_RET_L_1_HD_1\png\250918_RET_L_1_HD_1_M0.png
Y:\250918\250918_RET_L_2_HD_1\png\250918_RET_L_2_HD_1_M0.png
Y:\250918\250918_RET_L_HD_1\png\250918_RET_L_HD_1_M0.png
Y:\250918\250918_RET_R_1_HD_1\png\250918_RET_R_1_HD_1_M0.png
Y:\250918\250918_RET_R_HD_1\png\250918_RET_R_HD_1_M0.png",Y:\250918\250918_RET_R_2_HD_1\png\250918_RET_R_2_HD_1_M0.png,
RON,possible_overlap,train+valid+test,,"dataset\old_dataset\classification\train\left\1458.png
dataset\old_dataset\classification\train\left\1460.png
dataset\old_dataset\classification\train\left\1461.png
dataset\old_dataset\classification\train\right\1456.png
dataset\old_dataset\classification\train\right\1457.png",dataset\old_dataset\classification\valid\left\1459.png,dataset\old_dataset\classification\test\right\1455.png,"Y:\251023\251023_RON_L_2_HD_1\png\251023_RON_L_2_HD_1_M0.png
Y:\251023\251023_RON_L_HD_1\png\251023_RON_L_HD_1_M0.png
Y:\251023\251023_RON_R_1_HD_1\png\251023_RON_R_1_HD_1_M0.png
Y:\251023\251023_RON_R_3_HD_1\png\251023_RON_R_3_HD_1_M0.png
Y:\251023\251023_RON_R_HD_1\png\251023_RON_R_HD_1_M0.png",Y:\251023\251023_RON_R_2_HD_1\png\251023_RON_R_2_HD_1_M0.png,Y:\251023\251023_RON_L_1_HD_1\png\251023_RON_L_1_HD_1_M0.png
ROR,possible_overlap,train+test,,"dataset\old_dataset\classification\train\left\1450.png
dataset\old_dataset\classification\train\right\1446.png
dataset\old_dataset\classification\train\right\1447.png
dataset\old_dataset\classification\train\right\1448.png",,dataset\old_dataset\classification\test\left\1449.png,"Y:\251021\251021_ROR_L_1_HD_1\png\251021_ROR_L_1_HD_1_M0.png
Y:\251021\251021_ROR_L_2_HD_1\png\251021_ROR_L_2_HD_1_M0.png
Y:\251021\251021_ROR_L_HD_1\png\251021_ROR_L_HD_1_M0.png
Y:\251021\251021_ROR_R_HD_1\png\251021_ROR_R_HD_1_M0.png",,Y:\251021\251021_ROR_R_1_HD_1\png\251021_ROR_R_1_HD_1_M0.png
SAA,possible_overlap,train+valid+test,,"dataset\old_dataset\classification\train\left\1042.png
dataset\old_dataset\classification\train\right\1040.png
dataset\old_dataset\classification\train\right\1041.png
dataset\old_dataset\classification\train\right\1048.png","dataset\old_dataset\classification\valid\left\1043.png
dataset\old_dataset\classification\valid\left\1047.png
dataset\old_dataset\classification\valid\right\1051.png","dataset\old_dataset\classification\test\left\1044.png
dataset\old_dataset\classification\test\left\1046.png
dataset\old_dataset\classification\test\left\1052.png
dataset\old_dataset\classification\test\right\1039.png
dataset\old_dataset\classification\test\right\1049.png
dataset\old_dataset\classification\test\right\1050.png","Y:\250911\250911_SAA_L_2_HD_1\png\250911_SAA_L_2_HD_1_M0.png
Y:\250911\250911_SAA_L_HD_1\png\250911_SAA_L_HD_1_M0.png
Y:\250911\250911_SAA_R_1_HD_1\png\250911_SAA_R_1_HD_1_M0.png
Y:\250911\250912_SAA_R_3_HD_2\png\250912_SAA_R_3_HD_2_M0.png","Y:\250911\250911_SAA_R_2_HD_1\png\250911_SAA_R_2_HD_1_M0.png
Y:\250911\250912_SAA_R_2_HD_2\png\250912_SAA_R_2_HD_2_M0.png
Y:\250911\250912_SAA_R_6_HD_2\png\250912_SAA_R_6_HD_2_M0.png","Y:\250911\250911_SAA_L_1_HD_1\png\250911_SAA_L_1_HD_1_M0.png
Y:\250911\250911_SAA_R_HD_1\png\250911_SAA_R_HD_1_M0.png
Y:\250911\250912_SAA_R_1_HD_2\png\250912_SAA_R_1_HD_2_M0.png
Y:\250911\250912_SAA_R_4_HD_2\png\250912_SAA_R_4_HD_2_M0.png
Y:\250911\250912_SAA_R_5_HD_2\png\250912_SAA_R_5_HD_2_M0.png
Y:\250911\250912_SAA_R_HD_2\png\250912_SAA_R_HD_2_M0.png"
SAB,possible_overlap,train+valid+test,,"dataset\old_dataset\classification\train\left\1425.png
dataset\old_dataset\classification\train\right\1418.png
dataset\old_dataset\classification\train\right\1420.png
dataset\old_dataset\classification\train\right\1422.png","dataset\old_dataset\classification\valid\left\1423.png
dataset\old_dataset\classification\valid\right\1419.png
dataset\old_dataset\classification\valid\right\1421.png",dataset\old_dataset\classification\test\left\1424.png,"Y:\251017\251017_SAB_L_1_HD_1\png\251017_SAB_L_1_HD_1_M0.png
Y:\251017\251017_SAB_L_3_HD_1\png\251017_SAB_L_3_HD_1_M0.png
Y:\251017\251017_SAB_L_HD_1\png\251017_SAB_L_HD_1_M0.png
Y:\251017\251017_SAB_R_HD_1\png\251017_SAB_R_HD_1_M0.png","Y:\251017\251017_SAB_L_2_HD_1\png\251017_SAB_L_2_HD_1_M0.png
Y:\251017\251017_SAB_L_4_HD_1\png\251017_SAB_L_4_HD_1_M0.png
Y:\251017\251017_SAB_R_1_HD_1\png\251017_SAB_R_1_HD_1_M0.png",Y:\251017\251017_SAB_R_2_HD_1\png\251017_SAB_R_2_HD_1_M0.png
SAE,possible_overlap,train+test,,dataset\old_dataset\classification\train\right\1382.png,,dataset\old_dataset\classification\test\right\1381.png,Y:\251013\251013_SAE_L_HD_1\png\251013_SAE_L_HD_1_M0.png,,Y:\251013\251013_SAE_L_1_HD_1\png\251013_SAE_L_1_HD_1_M0.png
SAF,possible_overlap,train+test,,"dataset\old_dataset\classification\train\left\1548.png
dataset\old_dataset\classification\train\left\1549.png
dataset\old_dataset\classification\train\left\1550.png
dataset\old_dataset\classification\train\left\1551.png
dataset\old_dataset\classification\train\right\1543.png
dataset\old_dataset\classification\train\right\1545.png
dataset\old_dataset\classification\train\right\1546.png",,"dataset\old_dataset\classification\test\left\1547.png
dataset\old_dataset\classification\test\right\1544.png","Y:\251110\251110_SAF_L_1_HD_1\png\251110_SAF_L_1_HD_1_M0.png
Y:\251110\251110_SAF_L_3_HD_1\png\251110_SAF_L_3_HD_1_M0.png
Y:\251110\251110_SAF_L_HD_1\png\251110_SAF_L_HD_1_M0.png
Y:\251110\251110_SAF_R_2_HD_1\png\251110_SAF_R_2_HD_1_M0.png
Y:\251110\251110_SAF_R_3_HD_1\png\251110_SAF_R_3_HD_1_M0.png
Y:\251110\251110_SAF_R_4_HD_1\png\251110_SAF_R_4_HD_1_M0.png
Y:\251110\251110_SAF_R_5_HD_1\png\251110_SAF_R_5_HD_1_M0.png",,"Y:\251110\251110_SAF_L_2_HD_1\png\251110_SAF_L_2_HD_1_M0.png
Y:\251110\251110_SAF_R_1_HD_1\png\251110_SAF_R_1_HD_1_M0.png"
SAG,possible_overlap,train+valid+test,,"dataset\old_dataset\classification\train\left\1387.png
dataset\old_dataset\classification\train\left\1388.png
dataset\old_dataset\classification\train\right\1384.png
dataset\old_dataset\classification\train\right\1385.png",dataset\old_dataset\classification\valid\left\1386.png,dataset\old_dataset\classification\test\right\1383.png,"Y:\251014\251014_SAG_L_2_HD_1\png\251014_SAG_L_2_HD_1_M0.png
Y:\251014\251014_SAG_L_HD_1\png\251014_SAG_L_HD_1_M0.png
Y:\251014\251014_SAG_R_2_HD_1\png\251014_SAG_R_2_HD_1_M0.png
Y:\251014\251014_SAG_R_HD_1\png\251014_SAG_R_HD_1_M0.png",Y:\251014\251014_SAG_R_1_HD_1\png\251014_SAG_R_1_HD_1_M0.png,Y:\251014\251014_SAG_L_1_HD_1\png\251014_SAG_L_1_HD_1_M0.png
SEA,possible_overlap,train+valid+test,,"dataset\old_dataset\classification\train\left\0635.png
dataset\old_dataset\classification\train\left\0637.png
dataset\old_dataset\classification\train\left\0933.png
dataset\old_dataset\classification\train\left\0935.png
dataset\old_dataset\classification\train\right\0632.png
dataset\old_dataset\classification\train\right\0633.png
dataset\old_dataset\classification\train\right\0634.png
dataset\old_dataset\classification\train\right\0930.png
dataset\old_dataset\classification\train\right\0932.png",dataset\old_dataset\classification\valid\left\0934.png,"dataset\old_dataset\classification\test\left\0636.png
dataset\old_dataset\classification\test\right\0931.png","Y:\250821\250821_SEA_L_1_HD_1\png\250821_SEA_L_1_HD_1_M0.png
Y:\250821\250821_SEA_L_1_HD_2\png\250821_SEA_L_1_HD_2_M0.png
Y:\250821\250821_SEA_L_2_HD_1\png\250821_SEA_L_2_HD_1_M0.png
Y:\250821\250821_SEA_L_2_HD_2\png\250821_SEA_L_2_HD_2_M0.png
Y:\250821\250821_SEA_L_HD_1\png\250821_SEA_L_HD_1_M0.png
Y:\250821\250821_SEA_L_HD_2\png\250821_SEA_L_HD_2_M0.png
Y:\250821\250821_SEA_R_2_HD_1\png\250821_SEA_R_2_HD_1_M0.png
Y:\250821\250821_SEA_R_2_HD_2\png\250821_SEA_R_2_HD_2_M0.png
Y:\250821\250821_SEA_R_HD_1\png\250821_SEA_R_HD_1_M0.png
Y:\250821\250821_SEA_R_HD_2\png\250821_SEA_R_HD_2_M0.png","Y:\250821\250821_SEA_R_3_HD_1\png\250821_SEA_R_3_HD_1_M0.png
Y:\250821\250821_SEA_R_3_HD_2\png\250821_SEA_R_3_HD_2_M0.png","Y:\250821\250821_SEA_L_2_HD_1\png\250821_SEA_L_2_HD_1_M0.png
Y:\250821\250821_SEA_L_2_HD_2\png\250821_SEA_L_2_HD_2_M0.png
Y:\250821\250821_SEA_R_3_HD_1\png\250821_SEA_R_3_HD_1_M0.png
Y:\250821\250821_SEA_R_3_HD_2\png\250821_SEA_R_3_HD_2_M0.png"
SI0044,possible_overlap,train+test,,dataset\old_dataset\classification\train\left\0413.png,,dataset\old_dataset\classification\test\left\0863.png,"Y:\250612\250612_SI0044_R_HD_3\png\250612_SI0044_R_HD_3_M0.png
Y:\250612\250612_SI0044_R_HD_4\png\250612_SI0044_R_HD_4_M0.png",,"Y:\250612\250612_SI0044_R_HD_3\png\250612_SI0044_R_HD_3_M0.png
Y:\250612\250612_SI0044_R_HD_4\png\250612_SI0044_R_HD_4_M0.png"
SOA,possible_overlap,train+valid+test,,"dataset\old_dataset\classification\train\right\0557.png
dataset\old_dataset\classification\train\right\0558.png","dataset\old_dataset\classification\valid\left\0561.png
dataset\old_dataset\classification\valid\right\0559.png","dataset\old_dataset\classification\test\left\0560.png
dataset\old_dataset\classification\test\left\0562.png","Y:\250722\SOA\250722_SOA__L_1_HD_1\png\250722_SOA__L_1_HD_1_M0.png
Y:\250722\SOA\250722_SOA__L_2_HD_1\png\250722_SOA__L_2_HD_1_M0.png","Y:\250722\SOA\250722_SOA__L_HD_1\png\250722_SOA__L_HD_1_M0.png
Y:\250722\SOA\250722_SOA__R_2_HD_1\png\250722_SOA__R_2_HD_1_M0.png","Y:\250722\SOA\250722_SOA__R_1_HD_1\png\250722_SOA__R_1_HD_1_M0.png
Y:\250722\SOA\250722_SOA__R_HD_1\png\250722_SOA__R_HD_1_M0.png"
TIA,possible_overlap,train+valid,,"dataset\old_dataset\classification\train\left\0566.png
dataset\old_dataset\classification\train\right\0564.png
dataset\old_dataset\classification\train\right\0565.png",dataset\old_dataset\classification\valid\left\0567.png,,"Y:\250723\250723_TIA_L_1_HD_1\png\250723_TIA_L_1_HD_1_M0.png
Y:\250723\250723_TIA_L_HD_1\png\250723_TIA_L_HD_1_M0.png
Y:\250723\250723_TIA_R_1_HD_1\png\250723_TIA_R_1_HD_1_M0.png",Y:\250723\250723_TIA_R_HD_1\png\250723_TIA_R_HD_1_M0.png,
TOJ,possible_overlap,train+test,,"dataset\old_dataset\classification\train\left\1604.png
dataset\old_dataset\classification\train\left\1605.png
dataset\old_dataset\classification\train\left\1606.png
dataset\old_dataset\classification\train\right\1601.png",,"dataset\old_dataset\classification\test\right\1602.png
dataset\old_dataset\classification\test\right\1603.png","Y:\251120\251120_TOJ_L_1_HD_1\png\251120_TOJ_L_1_HD_1_M0.png
Y:\251120\251120_TOJ_R_1_HD_1\png\251120_TOJ_R_1_HD_1_M0.png
Y:\251120\251120_TOJ_R_2_HD_1\png\251120_TOJ_R_2_HD_1_M0.png
Y:\251120\251120_TOJ_R_HD_1\png\251120_TOJ_R_HD_1_M0.png",,"Y:\251120\251120_TOJ_L_2_HD_1\png\251120_TOJ_L_2_HD_1_M0.png
Y:\251120\251120_TOJ_L_HD_1\png\251120_TOJ_L_HD_1_M0.png"
TOM0136,possible_overlap,train+valid+test,,"dataset\old_dataset\classification\train\left\0039.png
dataset\old_dataset\classification\train\right\0043.png
dataset\old_dataset\classification\train\right\0044.png
dataset\old_dataset\classification\train\right\0045.png
dataset\old_dataset\classification\train\right\0047.png
dataset\old_dataset\classification\train\right\0048.png
dataset\old_dataset\classification\train\right\0049.png
dataset\old_dataset\classification\train\right\0050.png","dataset\old_dataset\classification\valid\left\0040.png
dataset\old_dataset\classification\valid\left\0041.png
dataset\old_dataset\classification\valid\right\0042.png","dataset\old_dataset\classification\test\right\0046.png
dataset\old_dataset\classification\test\right\0051.png","Y:\250428\250428_TOM0136_R_1_HD_1\png\250428_TOM0136_R_1_HD_1_M0.png
Y:\250428_hyperemia\250428_TOM0136b_L_3_HD_2\png\250428_TOM0136b_L_3_HD_2_M0.png
Y:\250428_hyperemia\250428_TOM0136b_L_5_HD_2\png\250428_TOM0136b_L_5_HD_2_M0.png
Y:\250428_hyperemia\250428_TOM0136b_L_7_HD_2\png\250428_TOM0136b_L_7_HD_2_M0.png
Y:\250428_hyperemia\250428_TOM0136b_L_HD_2\png\250428_TOM0136b_L_HD_2_M0.png
Y:\250428_hyperemia\250428_TOM0136h_L_2_HD_2\png\250428_TOM0136h_L_2_HD_2_M0.png
Y:\250428_hyperemia\250428_TOM0136h_L_4_HD_2\png\250428_TOM0136h_L_4_HD_2_M0.png
Y:\250428_hyperemia\250428_TOM0136h_L_6_HD_2\png\250428_TOM0136h_L_6_HD_2_M0.png","Y:\250428\250428_TOM0136_R_2_HD_1\png\250428_TOM0136_R_2_HD_1_M0.png
Y:\250428\250428_TOM0136_R_HD_1\png\250428_TOM0136_R_HD_1_M0.png
Y:\250428_hyperemia\250428_TOM0136b_L_1_HD_2\png\250428_TOM0136b_L_1_HD_2_M0.png","Y:\250428_hyperemia\250428_TOM0136b_L_9_HD_2\png\250428_TOM0136b_L_9_HD_2_M0.png
Y:\250428_hyperemia\250428_TOM0136h_L_8_HD_2\png\250428_TOM0136h_L_8_HD_2_M0.png"
TRD,possible_overlap,train+valid,,dataset\old_dataset\classification\train\left\1131.png,dataset\old_dataset\classification\valid\left\1130.png,,Y:\250917\TRD\250917_TRD_R_HD_1\png\250917_TRD_R_HD_1_M0.png,Y:\250917\TRD\250917_TRD_R_1_HD_1\png\250917_TRD_R_1_HD_1_M0.png,
VEC,possible_overlap,train+valid,,dataset\old_dataset\classification\train\left\1372.png,"dataset\old_dataset\classification\valid\left\1371.png
dataset\old_dataset\classification\valid\left\1373.png",,Y:\251010\251010_VEC_R_2_HD_1\png\251010_VEC_R_2_HD_1_M0.png,"Y:\251010\251010_VEC_R_1_HD_1\png\251010_VEC_R_1_HD_1_M0.png
Y:\251010\251010_VEC_R_HD_1\png\251010_VEC_R_HD_1_M0.png",
VJ0044,possible_overlap,train+test,,"dataset\old_dataset\classification\train\left\0417.png
dataset\old_dataset\classification\train\left\0418.png
dataset\old_dataset\classification\train\left\0419.png
dataset\old_dataset\classification\train\left\0867.png
dataset\old_dataset\classification\train\right\0414.png
dataset\old_dataset\classification\train\right\0415.png
dataset\old_dataset\classification\train\right\0865.png
dataset\old_dataset\classification\train\right\0866.png",,"dataset\old_dataset\classification\test\left\0868.png
dataset\old_dataset\classification\test\left\0869.png
dataset\old_dataset\classification\test\right\0416.png
dataset\old_dataset\classification\test\right\0864.png","Y:\250612\250612_VJ0044_L_1_HD_2\png\250612_VJ0044_L_1_HD_2_M0.png
Y:\250612\250612_VJ0044_L_1_HD_3\png\250612_VJ0044_L_1_HD_3_M0.png
Y:\250612\250612_VJ0044_L_2_HD_2\png\250612_VJ0044_L_2_HD_2_M0.png
Y:\250612\250612_VJ0044_L_2_HD_3\png\250612_VJ0044_L_2_HD_3_M0.png
Y:\250612\250612_VJ0044_L_HD_2\png\250612_VJ0044_L_HD_2_M0.png
Y:\250612\250612_VJ0044_L_HD_3\png\250612_VJ0044_L_HD_3_M0.png
Y:\250612\250612_VJ0044_R_1_HD_2\png\250612_VJ0044_R_1_HD_2_M0.png
Y:\250612\250612_VJ0044_R_1_HD_3\png\250612_VJ0044_R_1_HD_3_M0.png
Y:\250612\250612_VJ0044_R_2_HD_2\png\250612_VJ0044_R_2_HD_2_M0.png
Y:\250612\250612_VJ0044_R_2_HD_3\png\250612_VJ0044_R_2_HD_3_M0.png
Y:\250612\250612_VJ0044_R_HD_2\png\250612_VJ0044_R_HD_2_M0.png
Y:\250612\250612_VJ0044_R_HD_3\png\250612_VJ0044_R_HD_3_M0.png",,"Y:\250612\250612_VJ0044_L_1_HD_2\png\250612_VJ0044_L_1_HD_2_M0.png
Y:\250612\250612_VJ0044_L_1_HD_3\png\250612_VJ0044_L_1_HD_3_M0.png
Y:\250612\250612_VJ0044_L_HD_2\png\250612_VJ0044_L_HD_2_M0.png
Y:\250612\250612_VJ0044_L_HD_3\png\250612_VJ0044_L_HD_3_M0.png
Y:\250612\250612_VJ0044_R_2_HD_2\png\250612_VJ0044_R_2_HD_2_M0.png
Y:\250612\250612_VJ0044_R_2_HD_3\png\250612_VJ0044_R_2_HD_3_M0.png
Y:\250612\250612_VJ0044_R_HD_2\png\250612_VJ0044_R_HD_2_M0.png
Y:\250612\250612_VJ0044_R_HD_3\png\250612_VJ0044_R_HD_3_M0.png"
VO,possible_overlap,train+valid+test,,"dataset\old_dataset\classification\train\left\1592.png
dataset\old_dataset\classification\train\right\1590.png","dataset\old_dataset\classification\valid\left\1593.png
dataset\old_dataset\classification\valid\right\1589.png
dataset\old_dataset\classification\valid\right\1594.png",dataset\old_dataset\classification\test\left\1591.png,"Y:\251119\251119_VO_L_2_HD_1\png\251119_VO_L_2_HD_1_M0.png
Y:\251119\251119_VO_L_5_HD_1\png\251119_VO_L_5_HD_1_M0.png","Y:\251119\251119_VO_L_1_HD_1\png\251119_VO_L_1_HD_1_M0.png
Y:\251119\251119_VO_L_6_HD_1\png\251119_VO_L_6_HD_1_M0.png
Y:\251119\251119_VO_L_HD_1\png\251119_VO_L_HD_1_M0.png",Y:\251119\251119_VO_L_4_HD_1\png\251119_VO_L_4_HD_1_M0.png
WAD,possible_overlap,train+valid+test,,"dataset\old_dataset\classification\train\left\1557.png
dataset\old_dataset\classification\train\left\1558.png
dataset\old_dataset\classification\train\left\1559.png
dataset\old_dataset\classification\train\right\1553.png
dataset\old_dataset\classification\train\right\1554.png
dataset\old_dataset\classification\train\right\1555.png",dataset\old_dataset\classification\valid\left\1556.png,dataset\old_dataset\classification\test\right\1552.png,"Y:\251110\251110_WAD_L_2_HD_1\png\251110_WAD_L_2_HD_1_M0.png
Y:\251110\251110_WAD_L_3_HD_1\png\251110_WAD_L_3_HD_1_M0.png
Y:\251110\251110_WAD_L_HD_1\png\251110_WAD_L_HD_1_M0.png
Y:\251110\251110_WAD_R_3_HD_1\png\251110_WAD_R_3_HD_1_M0.png
Y:\251110\251110_WAD_R_4_HD_1\png\251110_WAD_R_4_HD_1_M0.png
Y:\251110\251110_WAD_R_HD_1\png\251110_WAD_R_HD_1_M0.png",Y:\251110\251110_WAD_R_1_HD_1\png\251110_WAD_R_1_HD_1_M0.png,Y:\251110\251110_WAD_L_1_HD_1\png\251110_WAD_L_1_HD_1_M0.png
WIM,possible_overlap,train+valid+test,,"dataset\old_dataset\classification\train\left\1568.png
dataset\old_dataset\classification\train\right\1562.png
dataset\old_dataset\classification\train\right\1563.png
dataset\old_dataset\classification\train\right\1564.png","dataset\old_dataset\classification\valid\left\1565.png
dataset\old_dataset\classification\valid\right\1561.png","dataset\old_dataset\classification\test\left\1566.png
dataset\old_dataset\classification\test\left\1567.png
dataset\old_dataset\classification\test\right\1560.png","Y:\251110\251110_WIM_L_4_HD_1\png\251110_WIM_L_4_HD_1_M0.png
Y:\251110\251110_WIM_L_5_HD_1\png\251110_WIM_L_5_HD_1_M0.png
Y:\251110\251110_WIM_L_HD_1\png\251110_WIM_L_HD_1_M0.png
Y:\251110\251110_WIM_R_HD_1\png\251110_WIM_R_HD_1_M0.png","Y:\251110\251110_WIM_L_3_HD_1\png\251110_WIM_L_3_HD_1_M0.png
Y:\251110\251110_WIM_R_1_HD_1\png\251110_WIM_R_1_HD_1_M0.png","Y:\251110\251110_WIM_L_2_HD_1\png\251110_WIM_L_2_HD_1_M0.png
Y:\251110\251110_WIM_R_2_HD_1\png\251110_WIM_R_2_HD_1_M0.png
Y:\251110\251110_WIM_R_3_HD_1\png\251110_WIM_R_3_HD_1_M0.png"
ZAK,possible_overlap,train+test,,"dataset\old_dataset\classification\train\left\1465.png
dataset\old_dataset\classification\train\left\1466.png
dataset\old_dataset\classification\train\right\1462.png",,"dataset\old_dataset\classification\test\left\1467.png
dataset\old_dataset\classification\test\right\1463.png
dataset\old_dataset\classification\test\right\1464.png","Y:\251023\251023_ZAK_L_1_HD_1\png\251023_ZAK_L_1_HD_1_M0.png
Y:\251023\251023_ZAK_R_1_HD_1\png\251023_ZAK_R_1_HD_1_M0.png
Y:\251023\251023_ZAK_R_2_HD_1\png\251023_ZAK_R_2_HD_1_M0.png",,"Y:\251023\251023_ZAK_L_2_HD_1\png\251023_ZAK_L_2_HD_1_M0.png
Y:\251023\251023_ZAK_L_HD_1\png\251023_ZAK_L_HD_1_M0.png
Y:\251023\251023_ZAK_R_HD_1\png\251023_ZAK_R_HD_1_M0.png"
ZOB,possible_overlap,train+valid,,"dataset\old_dataset\classification\train\left\0631.png
dataset\old_dataset\classification\train\right\0624.png
dataset\old_dataset\classification\train\right\0625.png
dataset\old_dataset\classification\train\right\0626.png
dataset\old_dataset\classification\train\right\0627.png","dataset\old_dataset\classification\valid\left\0628.png
dataset\old_dataset\classification\valid\left\0629.png
dataset\old_dataset\classification\valid\left\0630.png",,"Y:\250813\ZOB\250813_ZOB_L_1_HD_1\png\250813_ZOB_L_1_HD_1_M0.png
Y:\250813\ZOB\250813_ZOB_L_2_HD_1\png\250813_ZOB_L_2_HD_1_M0.png
Y:\250813\ZOB\250813_ZOB_L_3_HD_1\png\250813_ZOB_L_3_HD_1_M0.png
Y:\250813\ZOB\250813_ZOB_L_HD_1\png\250813_ZOB_L_HD_1_M0.png
Y:\250813\ZOB\250813_ZOB_R_HD_1\png\250813_ZOB_R_HD_1_M0.png","Y:\250813\ZOB\250813_ZOB_R_1_HD_1\png\250813_ZOB_R_1_HD_1_M0.png
Y:\250813\ZOB\250813_ZOB_R_2_HD_1\png\250813_ZOB_R_2_HD_1_M0.png
Y:\250813\ZOB\250813_ZOB_R_3_HD_1\png\250813_ZOB_R_3_HD_1_M0.png",
